This is pdfTeX, Version 3.141592653-2.6-1.40.22 (TeX Live 2022/dev/Debian) (preloaded format=pdflatex 2025.8.26)  6 FEB 2026 05:53
entering extended mode
 restricted \write18 enabled.
 %&-line parsing enabled.
**benchmarks.tex
(./benchmarks.tex
LaTeX2e <2021-11-15> patch level 1
L3 programming layer <2022-01-21> (/usr/share/texlive/texmf-dist/tex/latex/base
/article.cls
Document Class: article 2021/10/04 v1.4n Standard LaTeX document class
(/usr/share/texlive/texmf-dist/tex/latex/base/size10.clo
File: size10.clo 2021/10/04 v1.4n Standard LaTeX file (size option)
)
\c@part=\count185
\c@section=\count186
\c@subsection=\count187
\c@subsubsection=\count188
\c@paragraph=\count189
\c@subparagraph=\count190
\c@figure=\count191
\c@table=\count192
\abovecaptionskip=\skip47
\belowcaptionskip=\skip48
\bibindent=\dimen138
) (/usr/share/texlive/texmf-dist/tex/latex/preprint/fullpage.sty
Package: fullpage 1999/02/23 1.1 (PWD)
\FP@margin=\skip49
) (/usr/share/texlive/texmf-dist/tex/latex/base/inputenc.sty
Package: inputenc 2021/02/14 v1.3d Input encoding file
\inpenc@prehook=\toks16
\inpenc@posthook=\toks17
) (/usr/share/texlive/texmf-dist/tex/latex/base/fontenc.sty
Package: fontenc 2021/04/29 v2.0v Standard LaTeX package
) (/usr/share/texlive/texmf-dist/tex/latex/makecell/makecell.sty
Package: makecell 2009/08/03 V0.1e Managing of Tab Column Heads and Cells
(/usr/share/texlive/texmf-dist/tex/latex/tools/array.sty
Package: array 2021/10/04 v2.5f Tabular extension package (FMi)
\col@sep=\dimen139
\ar@mcellbox=\box50
\extrarowheight=\dimen140
\NC@list=\toks18
\extratabsurround=\skip50
\backup@length=\skip51
\ar@cellbox=\box51
)
\rotheadsize=\dimen141
\c@nlinenum=\count193
\TeXr@lab=\toks19
) (/usr/share/texlive/texmf-dist/tex/generic/babel/babel.sty
Package: babel 2022/01/26 3.70 The Babel package
\babel@savecnt=\count194
\U@D=\dimen142
\l@unhyphenated=\language87
(/usr/share/texlive/texmf-dist/tex/generic/babel/txtbabel.def)
\bbl@readstream=\read2
\bbl@dirlevel=\count195
(/usr/share/texlive/texmf-dist/tex/generic/babel-english/english.ldf
Language: english 2017/06/06 v3.3r English support from the babel system
Package babel Info: Hyphen rules for 'canadian' set to \l@english
(babel)             (\language0). Reported on input line 102.
Package babel Info: Hyphen rules for 'australian' set to \l@ukenglish
(babel)             (\language53). Reported on input line 105.
Package babel Info: Hyphen rules for 'newzealand' set to \l@ukenglish
(babel)             (\language53). Reported on input line 108.
)) (/usr/share/texlive/texmf-dist/tex/latex/enumitem/enumitem.sty
Package: enumitem 2019/06/20 v3.9 Customized lists
\enitkv@toks@=\toks20
\labelindent=\skip52
\enit@outerparindent=\dimen143
\enit@toks=\toks21
\enit@inbox=\box52
\enit@count@id=\count196
\enitdp@description=\count197
) (/usr/share/texlive/texmf-dist/tex/latex/hyperref/hyperref.sty
Package: hyperref 2021-06-07 v7.00m Hypertext links for LaTeX
(/usr/share/texlive/texmf-dist/tex/generic/ltxcmds/ltxcmds.sty
Package: ltxcmds 2020-05-10 v1.25 LaTeX kernel commands for general use (HO)
) (/usr/share/texlive/texmf-dist/tex/generic/iftex/iftex.sty
Package: iftex 2020/03/06 v1.0d TeX engine tests
) (/usr/share/texlive/texmf-dist/tex/generic/pdftexcmds/pdftexcmds.sty
Package: pdftexcmds 2020-06-27 v0.33 Utility functions of pdfTeX for LuaTeX (HO
)
(/usr/share/texlive/texmf-dist/tex/generic/infwarerr/infwarerr.sty
Package: infwarerr 2019/12/03 v1.5 Providing info/warning/error messages (HO)
)
Package pdftexcmds Info: \pdf@primitive is available.
Package pdftexcmds Info: \pdf@ifprimitive is available.
Package pdftexcmds Info: \pdfdraftmode found.
) (/usr/share/texlive/texmf-dist/tex/latex/graphics/keyval.sty
Package: keyval 2014/10/28 v1.15 key=value parser (DPC)
\KV@toks@=\toks22
) (/usr/share/texlive/texmf-dist/tex/generic/kvsetkeys/kvsetkeys.sty
Package: kvsetkeys 2019/12/15 v1.18 Key value parser (HO)
) (/usr/share/texlive/texmf-dist/tex/generic/kvdefinekeys/kvdefinekeys.sty
Package: kvdefinekeys 2019-12-19 v1.6 Define keys (HO)
) (/usr/share/texlive/texmf-dist/tex/generic/pdfescape/pdfescape.sty
Package: pdfescape 2019/12/09 v1.15 Implements pdfTeX's escape features (HO)
) (/usr/share/texlive/texmf-dist/tex/latex/hycolor/hycolor.sty
Package: hycolor 2020-01-27 v1.10 Color options for hyperref/bookmark (HO)
) (/usr/share/texlive/texmf-dist/tex/latex/letltxmacro/letltxmacro.sty
Package: letltxmacro 2019/12/03 v1.6 Let assignment for LaTeX macros (HO)
) (/usr/share/texlive/texmf-dist/tex/latex/auxhook/auxhook.sty
Package: auxhook 2019-12-17 v1.6 Hooks for auxiliary files (HO)
) (/usr/share/texlive/texmf-dist/tex/latex/kvoptions/kvoptions.sty
Package: kvoptions 2020-10-07 v3.14 Key value format for package options (HO)
)
\@linkdim=\dimen144
\Hy@linkcounter=\count198
\Hy@pagecounter=\count199
(/usr/share/texlive/texmf-dist/tex/latex/hyperref/pd1enc.def
File: pd1enc.def 2021-06-07 v7.00m Hyperref: PDFDocEncoding definition (HO)
Now handling font encoding PD1 ...
... no UTF-8 mapping file for font encoding PD1
) (/usr/share/texlive/texmf-dist/tex/latex/hyperref/hyperref-langpatches.def
File: hyperref-langpatches.def 2021-06-07 v7.00m Hyperref: patches for babel la
nguages
) (/usr/share/texlive/texmf-dist/tex/generic/intcalc/intcalc.sty
Package: intcalc 2019/12/15 v1.3 Expandable calculations with integers (HO)
) (/usr/share/texlive/texmf-dist/tex/generic/etexcmds/etexcmds.sty
Package: etexcmds 2019/12/15 v1.7 Avoid name clashes with e-TeX commands (HO)
)
\Hy@SavedSpaceFactor=\count266
(/usr/share/texlive/texmf-dist/tex/latex/hyperref/puenc.def
File: puenc.def 2021-06-07 v7.00m Hyperref: PDF Unicode definition (HO)
Now handling font encoding PU ...
... no UTF-8 mapping file for font encoding PU
)
Package hyperref Info: Hyper figures OFF on input line 4192.
Package hyperref Info: Link nesting OFF on input line 4197.
Package hyperref Info: Hyper index ON on input line 4200.
Package hyperref Info: Plain pages OFF on input line 4207.
Package hyperref Info: Backreferencing OFF on input line 4212.
Package hyperref Info: Implicit mode ON; LaTeX internals redefined.
Package hyperref Info: Bookmarks ON on input line 4445.
\c@Hy@tempcnt=\count267
(/usr/share/texlive/texmf-dist/tex/latex/url/url.sty
\Urlmuskip=\muskip16
Package: url 2013/09/16  ver 3.4  Verb mode for urls, etc.
)
LaTeX Info: Redefining \url on input line 4804.
\XeTeXLinkMargin=\dimen145
(/usr/share/texlive/texmf-dist/tex/generic/bitset/bitset.sty
Package: bitset 2019/12/09 v1.3 Handle bit-vector datatype (HO)
(/usr/share/texlive/texmf-dist/tex/generic/bigintcalc/bigintcalc.sty
Package: bigintcalc 2019/12/15 v1.5 Expandable calculations on big integers (HO
)
))
\Fld@menulength=\count268
\Field@Width=\dimen146
\Fld@charsize=\dimen147
Package hyperref Info: Hyper figures OFF on input line 6076.
Package hyperref Info: Link nesting OFF on input line 6081.
Package hyperref Info: Hyper index ON on input line 6084.
Package hyperref Info: backreferencing OFF on input line 6091.
Package hyperref Info: Link coloring OFF on input line 6096.
Package hyperref Info: Link coloring with OCG OFF on input line 6101.
Package hyperref Info: PDF/A mode OFF on input line 6106.
LaTeX Info: Redefining \ref on input line 6146.
LaTeX Info: Redefining \pageref on input line 6150.
(/usr/share/texlive/texmf-dist/tex/latex/base/atbegshi-ltx.sty
Package: atbegshi-ltx 2021/01/10 v1.0c Emulation of the original atbegshi
package with kernel methods
)
\Hy@abspage=\count269
\c@Item=\count270
\c@Hfootnote=\count271
)
Package hyperref Info: Driver (autodetected): hpdftex.
(/usr/share/texlive/texmf-dist/tex/latex/hyperref/hpdftex.def
File: hpdftex.def 2021-06-07 v7.00m Hyperref driver for pdfTeX
(/usr/share/texlive/texmf-dist/tex/latex/base/atveryend-ltx.sty
Package: atveryend-ltx 2020/08/19 v1.0a Emulation of the original atveryend pac
kage
with kernel methods
)
\Fld@listcount=\count272
\c@bookmark@seq@number=\count273
(/usr/share/texlive/texmf-dist/tex/latex/rerunfilecheck/rerunfilecheck.sty
Package: rerunfilecheck 2019/12/05 v1.9 Rerun checks for auxiliary files (HO)
(/usr/share/texlive/texmf-dist/tex/generic/uniquecounter/uniquecounter.sty
Package: uniquecounter 2019/12/15 v1.4 Provide unlimited unique counter (HO)
)
Package uniquecounter Info: New unique counter `rerunfilecheck' on input line 2
86.
)
\Hy@SectionHShift=\skip53
) (/usr/share/texlive/texmf-dist/tex/latex/amsmath/amsmath.sty
Package: amsmath 2021/10/15 v2.17l AMS math features
\@mathmargin=\skip54
For additional information on amsmath, use the `?' option.
(/usr/share/texlive/texmf-dist/tex/latex/amsmath/amstext.sty
Package: amstext 2021/08/26 v2.01 AMS text
(/usr/share/texlive/texmf-dist/tex/latex/amsmath/amsgen.sty
File: amsgen.sty 1999/11/30 v2.0 generic functions
\@emptytoks=\toks23
\ex@=\dimen148
)) (/usr/share/texlive/texmf-dist/tex/latex/amsmath/amsbsy.sty
Package: amsbsy 1999/11/29 v1.2d Bold Symbols
\pmbraise@=\dimen149
) (/usr/share/texlive/texmf-dist/tex/latex/amsmath/amsopn.sty
Package: amsopn 2021/08/26 v2.02 operator names
)
\inf@bad=\count274
LaTeX Info: Redefining \frac on input line 234.
\uproot@=\count275
\leftroot@=\count276
LaTeX Info: Redefining \overline on input line 399.
\classnum@=\count277
\DOTSCASE@=\count278
LaTeX Info: Redefining \ldots on input line 496.
LaTeX Info: Redefining \dots on input line 499.
LaTeX Info: Redefining \cdots on input line 620.
\Mathstrutbox@=\box53
\strutbox@=\box54
\big@size=\dimen150
LaTeX Font Info:    Redeclaring font encoding OML on input line 743.
LaTeX Font Info:    Redeclaring font encoding OMS on input line 744.
\macc@depth=\count279
\c@MaxMatrixCols=\count280
\dotsspace@=\muskip17
\c@parentequation=\count281
\dspbrk@lvl=\count282
\tag@help=\toks24
\row@=\count283
\column@=\count284
\maxfields@=\count285
\andhelp@=\toks25
\eqnshift@=\dimen151
\alignsep@=\dimen152
\tagshift@=\dimen153
\tagwidth@=\dimen154
\totwidth@=\dimen155
\lineht@=\dimen156
\@envbody=\toks26
\multlinegap=\skip55
\multlinetaggap=\skip56
\mathdisplay@stack=\toks27
LaTeX Info: Redefining \[ on input line 2938.
LaTeX Info: Redefining \] on input line 2939.
) (/usr/share/texlive/texmf-dist/tex/latex/pdflscape/pdflscape.sty
Package: pdflscape 2019/12/05 v0.12 Display of landscape pages in PDF (HO)
(/usr/share/texlive/texmf-dist/tex/latex/graphics/lscape.sty
Package: lscape 2020/05/28 v3.02 Landscape Pages (DPC)
(/usr/share/texlive/texmf-dist/tex/latex/graphics/graphics.sty
Package: graphics 2021/03/04 v1.4d Standard LaTeX Graphics (DPC,SPQR)
(/usr/share/texlive/texmf-dist/tex/latex/graphics/trig.sty
Package: trig 2021/08/11 v1.11 sin cos tan (DPC)
) (/usr/share/texlive/texmf-dist/tex/latex/graphics-cfg/graphics.cfg
File: graphics.cfg 2016/06/04 v1.11 sample graphics configuration
)
Package graphics Info: Driver file: pdftex.def on input line 107.
(/usr/share/texlive/texmf-dist/tex/latex/graphics-def/pdftex.def
File: pdftex.def 2020/10/05 v1.2a Graphics/color driver for pdftex
)))
Package pdflscape Info: Auto-detected driver: pdftex on input line 81.
) (/usr/share/texlive/texmf-dist/tex/latex/wasysym/wasysym.sty
Package: wasysym 2020/01/19 v2.4 Wasy-2 symbol support package
\symwasy=\mathgroup4
LaTeX Font Info:    Overwriting symbol font `wasy' in version `bold'
(Font)                  U/wasy/m/n --> U/wasy/b/n on input line 93.
) (/usr/share/texlive/texmf-dist/tex/latex/tools/longtable.sty
Package: longtable 2021-09-01 v4.17 Multi-page Table package (DPC)
\LTleft=\skip57
\LTright=\skip58
\LTpre=\skip59
\LTpost=\skip60
\LTchunksize=\count286
\LTcapwidth=\dimen157
\LT@head=\box55
\LT@firsthead=\box56
\LT@foot=\box57
\LT@lastfoot=\box58
\LT@gbox=\box59
\LT@cols=\count287
\LT@rows=\count288
\c@LT@tables=\count289
\c@LT@chunks=\count290
\LT@p@ftn=\toks28
) (/usr/share/texlive/texmf-dist/tex/latex/ragged2e/ragged2e.sty
Package: ragged2e 2021/12/15 v3.1 ragged2e Package
\CenteringLeftskip=\skip61
\RaggedLeftLeftskip=\skip62
\RaggedRightLeftskip=\skip63
\CenteringRightskip=\skip64
\RaggedLeftRightskip=\skip65
\RaggedRightRightskip=\skip66
\CenteringParfillskip=\skip67
\RaggedLeftParfillskip=\skip68
\RaggedRightParfillskip=\skip69
\JustifyingParfillskip=\skip70
\CenteringParindent=\skip71
\RaggedLeftParindent=\skip72
\RaggedRightParindent=\skip73
\JustifyingParindent=\skip74
) (/usr/share/texlive/texmf-dist/tex/latex/xurl/xurl.sty
Package: xurl 2022/01/09 v 0.10 modify URL breaks
) (/usr/share/texlive/texmf-dist/tex/latex/biblatex/biblatex.sty
Package: biblatex 2022/02/02 v3.17 programmable bibliographies (PK/MW)
(/usr/share/texlive/texmf-dist/tex/latex/etoolbox/etoolbox.sty
Package: etoolbox 2020/10/05 v2.5k e-TeX tools for LaTeX (JAW)
\etb@tempcnta=\count291
) (/usr/share/texlive/texmf-dist/tex/latex/logreq/logreq.sty
Package: logreq 2010/08/04 v1.0 xml request logger
\lrq@indent=\count292
(/usr/share/texlive/texmf-dist/tex/latex/logreq/logreq.def
File: logreq.def 2010/08/04 v1.0 logreq spec v1.0
)) (/usr/share/texlive/texmf-dist/tex/latex/base/ifthen.sty
Package: ifthen 2020/11/24 v1.1c Standard LaTeX ifthen package (DPC)
)
\c@tabx@nest=\count293
\c@listtotal=\count294
\c@listcount=\count295
\c@liststart=\count296
\c@liststop=\count297
\c@citecount=\count298
\c@citetotal=\count299
\c@multicitecount=\count300
\c@multicitetotal=\count301
\c@instcount=\count302
\c@maxnames=\count303
\c@minnames=\count304
\c@maxitems=\count305
\c@minitems=\count306
\c@citecounter=\count307
\c@maxcitecounter=\count308
\c@savedcitecounter=\count309
\c@uniquelist=\count310
\c@uniquename=\count311
\c@refsection=\count312
\c@refsegment=\count313
\c@maxextratitle=\count314
\c@maxextratitleyear=\count315
\c@maxextraname=\count316
\c@maxextradate=\count317
\c@maxextraalpha=\count318
\c@abbrvpenalty=\count319
\c@highnamepenalty=\count320
\c@lownamepenalty=\count321
\c@maxparens=\count322
\c@parenlevel=\count323
\blx@tempcnta=\count324
\blx@tempcntb=\count325
\blx@tempcntc=\count326
\c@blx@maxsection=\count327
\c@blx@maxsegment@0=\count328
\blx@notetype=\count329
\blx@parenlevel@text=\count330
\blx@parenlevel@foot=\count331
\c@blx@sectionciteorder@0=\count332
\blx@entrysetcounter=\count333
\blx@biblioinstance=\count334
\labelnumberwidth=\skip75
\labelalphawidth=\skip76
\biblabelsep=\skip77
\bibitemsep=\skip78
\bibnamesep=\skip79
\bibinitsep=\skip80
\bibparsep=\skip81
\bibhang=\skip82
\blx@bcfin=\read3
\blx@bcfout=\write3
\blx@langwohyphens=\language88
\c@mincomprange=\count335
\c@maxcomprange=\count336
\c@mincompwidth=\count337
Package biblatex Info: Trying to load biblatex default data model...
Package biblatex Info: ... file 'blx-dm.def' found.
(/usr/share/texlive/texmf-dist/tex/latex/biblatex/blx-dm.def
File: blx-dm.def 2022/02/02 v3.17 biblatex localization (PK/MW)
)
Package biblatex Info: Trying to load biblatex style data model...
Package biblatex Info: ... file 'ieee.dbx' not found.
Package biblatex Info: Trying to load biblatex custom data model...
Package biblatex Info: ... file 'biblatex-dm.cfg' not found.
\c@afterword=\count338
\c@savedafterword=\count339
\c@annotator=\count340
\c@savedannotator=\count341
\c@author=\count342
\c@savedauthor=\count343
\c@bookauthor=\count344
\c@savedbookauthor=\count345
\c@commentator=\count346
\c@savedcommentator=\count347
\c@editor=\count348
\c@savededitor=\count349
\c@editora=\count350
\c@savededitora=\count351
\c@editorb=\count352
\c@savededitorb=\count353
\c@editorc=\count354
\c@savededitorc=\count355
\c@foreword=\count356
\c@savedforeword=\count357
\c@holder=\count358
\c@savedholder=\count359
\c@introduction=\count360
\c@savedintroduction=\count361
\c@namea=\count362
\c@savednamea=\count363
\c@nameb=\count364
\c@savednameb=\count365
\c@namec=\count366
\c@savednamec=\count367
\c@translator=\count368
\c@savedtranslator=\count369
\c@shortauthor=\count370
\c@savedshortauthor=\count371
\c@shorteditor=\count372
\c@savedshorteditor=\count373
\c@labelname=\count374
\c@savedlabelname=\count375
\c@institution=\count376
\c@savedinstitution=\count377
\c@lista=\count378
\c@savedlista=\count379
\c@listb=\count380
\c@savedlistb=\count381
\c@listc=\count382
\c@savedlistc=\count383
\c@listd=\count384
\c@savedlistd=\count385
\c@liste=\count386
\c@savedliste=\count387
\c@listf=\count388
\c@savedlistf=\count389
\c@location=\count390
\c@savedlocation=\count391
\c@organization=\count392
\c@savedorganization=\count393
\c@origlocation=\count394
\c@savedoriglocation=\count395
\c@origpublisher=\count396
\c@savedorigpublisher=\count397
\c@publisher=\count398
\c@savedpublisher=\count399
\c@language=\count400
\c@savedlanguage=\count401
\c@origlanguage=\count402
\c@savedoriglanguage=\count403
\c@pageref=\count404
\c@savedpageref=\count405
\shorthandwidth=\skip83
\shortjournalwidth=\skip84
\shortserieswidth=\skip85
\shorttitlewidth=\skip86
\shortauthorwidth=\skip87
\shorteditorwidth=\skip88
\locallabelnumberwidth=\skip89
\locallabelalphawidth=\skip90
\localshorthandwidth=\skip91
\localshortjournalwidth=\skip92
\localshortserieswidth=\skip93
\localshorttitlewidth=\skip94
\localshortauthorwidth=\skip95
\localshorteditorwidth=\skip96
Package biblatex Info: Trying to load compatibility code...
Package biblatex Info: ... file 'blx-compat.def' found.
(/usr/share/texlive/texmf-dist/tex/latex/biblatex/blx-compat.def
File: blx-compat.def 2022/02/02 v3.17 biblatex compatibility (PK/MW)
)
Package biblatex Info: Trying to load generic definitions...
Package biblatex Info: ... file 'biblatex.def' found.
(/usr/share/texlive/texmf-dist/tex/latex/biblatex/biblatex.def
File: biblatex.def 2022/02/02 v3.17 biblatex compatibility (PK/MW)
\c@textcitecount=\count406
\c@textcitetotal=\count407
\c@textcitemaxnames=\count408
\c@biburlbigbreakpenalty=\count409
\c@biburlbreakpenalty=\count410
\c@biburlnumpenalty=\count411
\c@biburlucpenalty=\count412
\c@biburllcpenalty=\count413
\biburlbigskip=\muskip18
\biburlnumskip=\muskip19
\biburlucskip=\muskip20
\biburllcskip=\muskip21
\c@smartand=\count414
)
Package biblatex Info: Trying to load bibliography style 'ieee'...
Package biblatex Info: ... file 'ieee.bbx' found.
(/usr/share/texlive/texmf-dist/tex/latex/biblatex-ieee/ieee.bbx
File: ieee.bbx 2021/12/06 v1.3f biblatex bibliography style
Package biblatex Info: Trying to load bibliography style 'numeric-comp'...
Package biblatex Info: ... file 'numeric-comp.bbx' found.
(/usr/share/texlive/texmf-dist/tex/latex/biblatex/bbx/numeric-comp.bbx
File: numeric-comp.bbx 2022/02/02 v3.17 biblatex bibliography style (PK/MW)
Package biblatex Info: Trying to load bibliography style 'numeric'...
Package biblatex Info: ... file 'numeric.bbx' found.
(/usr/share/texlive/texmf-dist/tex/latex/biblatex/bbx/numeric.bbx
File: numeric.bbx 2022/02/02 v3.17 biblatex bibliography style (PK/MW)
Package biblatex Info: Trying to load bibliography style 'standard'...
Package biblatex Info: ... file 'standard.bbx' found.
(/usr/share/texlive/texmf-dist/tex/latex/biblatex/bbx/standard.bbx
File: standard.bbx 2022/02/02 v3.17 biblatex bibliography style (PK/MW)
\c@bbx:relatedcount=\count415
\c@bbx:relatedtotal=\count416
))))
Package biblatex Info: Trying to load citation style 'ieee'...
Package biblatex Info: ... file 'ieee.cbx' found.
(/usr/share/texlive/texmf-dist/tex/latex/biblatex-ieee/ieee.cbx
File: ieee.cbx 2021/12/06 v1.3f biblatex citation style
Package biblatex Info: Trying to load citation style 'numeric-comp'...
Package biblatex Info: ... file 'numeric-comp.cbx' found.
(/usr/share/texlive/texmf-dist/tex/latex/biblatex/cbx/numeric-comp.cbx
File: numeric-comp.cbx 2022/02/02 v3.17 biblatex citation style (PK/MW)
\c@cbx@tempcnta=\count417
\c@cbx@tempcntb=\count418
\c@cbx@tempcntc=\count419
\c@cbx@tempcntd=\count420
Package biblatex Info: Redefining '\cite'.
Package biblatex Info: Redefining '\parencite'.
Package biblatex Info: Redefining '\footcite'.
Package biblatex Info: Redefining '\footcitetext'.
Package biblatex Info: Redefining '\smartcite'.
Package biblatex Info: Redefining '\supercite'.
Package biblatex Info: Redefining '\textcite'.
Package biblatex Info: Redefining '\textcites'.
Package biblatex Info: Redefining '\cites'.
Package biblatex Info: Redefining '\parencites'.
Package biblatex Info: Redefining '\smartcites'.
)
Package biblatex Info: Redefining '\cite'.
Package biblatex Info: Redefining '\supercite'.
Package biblatex Info: Redefining '\cites'.
)
Package biblatex Info: Trying to load configuration file...
Package biblatex Info: ... file 'biblatex.cfg' found.
(/usr/share/texlive/texmf-dist/tex/latex/biblatex/biblatex.cfg
File: biblatex.cfg 
)
Package biblatex Info: Input encoding 'utf8' detected.
Package biblatex Info: Document encoding is UTF8 ....
(/usr/share/texlive/texmf-dist/tex/latex/l3kernel/expl3.sty
Package: expl3 2022-01-21 L3 programming layer (loader) 
(/usr/share/texlive/texmf-dist/tex/latex/l3backend/l3backend-pdftex.def
File: l3backend-pdftex.def 2022-01-12 L3 backend support: PDF output (pdfTeX)
\l__color_backend_stack_int=\count421
\l__pdf_internal_box=\box60
))
Package biblatex Info: ... and expl3
(biblatex)             2022-01-21 L3 programming layer (loader) 
(biblatex)             is new enough (at least 2020/04/06),
(biblatex)             setting 'casechanger=expl3'.
(/usr/share/texlive/texmf-dist/tex/latex/biblatex/blx-case-expl3.sty (/usr/shar
e/texlive/texmf-dist/tex/latex/l3packages/xparse/xparse.sty
Package: xparse 2022-01-12 L3 Experimental document command parser
)
Package: blx-case-expl3 2022/02/02 v3.17 expl3 case changing code for biblatex
)) (/usr/share/texlive/texmf-dist/tex/latex/caption/caption.sty
Package: caption 2020/10/26 v3.5g Customizing captions (AR)
(/usr/share/texlive/texmf-dist/tex/latex/caption/caption3.sty
Package: caption3 2020/10/21 v2.2e caption3 kernel (AR)
\captionmargin=\dimen158
\captionmargin@=\dimen159
\captionwidth=\dimen160
\caption@tempdima=\dimen161
\caption@indent=\dimen162
\caption@parindent=\dimen163
\caption@hangindent=\dimen164
Package caption Info: Standard document class detected.
)
\c@caption@flags=\count422
\c@continuedfloat=\count423
Package caption Info: hyperref package is loaded.
Package caption Info: longtable package is loaded.
(/usr/share/texlive/texmf-dist/tex/latex/caption/ltcaption.sty
Package: ltcaption 2020/05/30 v1.4b longtable captions (AR)
)) (/usr/share/texlive/texmf-dist/tex/latex/graphics/graphicx.sty
Package: graphicx 2021/09/16 v1.2d Enhanced LaTeX Graphics (DPC,SPQR)
\Gin@req@height=\dimen165
\Gin@req@width=\dimen166
) (/usr/share/texlive/texmf-dist/tex/latex/base/textcomp.sty
Package: textcomp 2020/02/02 v2.0n Standard LaTeX package
) (/usr/share/texlive/texmf-dist/tex/latex/amsfonts/amssymb.sty
Package: amssymb 2013/01/14 v3.01 AMS font symbols
(/usr/share/texlive/texmf-dist/tex/latex/amsfonts/amsfonts.sty
Package: amsfonts 2013/01/14 v3.01 Basic AMSFonts support
\symAMSa=\mathgroup5
\symAMSb=\mathgroup6
LaTeX Font Info:    Redeclaring math symbol \hbar on input line 98.
LaTeX Font Info:    Overwriting math alphabet `\mathfrak' in version `bold'
(Font)                  U/euf/m/n --> U/euf/b/n on input line 106.
)) (/usr/share/texlive/texmf-dist/tex/latex/eurosym/eurosym.sty
Package: eurosym 1998/08/06 v1.1 European currency symbol ``Euro''
\@eurobox=\box61
) (/usr/share/texlive/texmf-dist/tex/latex/psnfss/pifont.sty
Package: pifont 2020/03/25 PSNFSS-v9.3 Pi font support (SPQR) 
LaTeX Font Info:    Trying to load font information for U+pzd on input line 63.

(/usr/share/texlive/texmf-dist/tex/latex/psnfss/upzd.fd
File: upzd.fd 2001/06/04 font definitions for U/pzd.
)
LaTeX Font Info:    Trying to load font information for U+psy on input line 64.

(/usr/share/texlive/texmf-dist/tex/latex/psnfss/upsy.fd
File: upsy.fd 2001/06/04 font definitions for U/psy.
))
   defining Unicode char U+0394 (decimal 916)

Package biblatex Warning: 'babel/polyglossia' detected but 'csquotes' missing.
(biblatex)                Loading 'csquotes' recommended.

\@quotelevel=\count424
\@quotereset=\count425
(./benchmarks.aux)
\openout1 = `benchmarks.aux'.

LaTeX Font Info:    Checking defaults for OML/cmm/m/it on input line 47.
LaTeX Font Info:    ... okay on input line 47.
LaTeX Font Info:    Checking defaults for OMS/cmsy/m/n on input line 47.
LaTeX Font Info:    ... okay on input line 47.
LaTeX Font Info:    Checking defaults for OT1/cmr/m/n on input line 47.
LaTeX Font Info:    ... okay on input line 47.
LaTeX Font Info:    Checking defaults for T1/cmr/m/n on input line 47.
LaTeX Font Info:    ... okay on input line 47.
LaTeX Font Info:    Checking defaults for TS1/cmr/m/n on input line 47.
LaTeX Font Info:    ... okay on input line 47.
LaTeX Font Info:    Checking defaults for OMX/cmex/m/n on input line 47.
LaTeX Font Info:    ... okay on input line 47.
LaTeX Font Info:    Checking defaults for U/cmr/m/n on input line 47.
LaTeX Font Info:    ... okay on input line 47.
LaTeX Font Info:    Checking defaults for PD1/pdf/m/n on input line 47.
LaTeX Font Info:    ... okay on input line 47.
LaTeX Font Info:    Checking defaults for PU/pdf/m/n on input line 47.
LaTeX Font Info:    ... okay on input line 47.
Package hyperref Info: Link coloring OFF on input line 47.
(/usr/share/texlive/texmf-dist/tex/latex/hyperref/nameref.sty
Package: nameref 2021-04-02 v2.47 Cross-referencing by name of section
(/usr/share/texlive/texmf-dist/tex/latex/refcount/refcount.sty
Package: refcount 2019/12/15 v3.6 Data extraction from label references (HO)
) (/usr/share/texlive/texmf-dist/tex/generic/gettitlestring/gettitlestring.sty
Package: gettitlestring 2019/12/15 v1.6 Cleanup title references (HO)
)
\c@section@level=\count426
)
LaTeX Info: Redefining \ref on input line 47.
LaTeX Info: Redefining \pageref on input line 47.
LaTeX Info: Redefining \nameref on input line 47.
(./benchmarks.out) (./benchmarks.out)
\@outlinefile=\write4
\openout4 = `benchmarks.out'.

(/usr/share/texlive/texmf-dist/tex/context/base/mkii/supp-pdf.mkii
[Loading MPS to PDF converter (version 2006.09.02).]
\scratchcounter=\count427
\scratchdimen=\dimen167
\scratchbox=\box62
\nofMPsegments=\count428
\nofMParguments=\count429
\everyMPshowfont=\toks29
\MPscratchCnt=\count430
\MPscratchDim=\dimen168
\MPnumerator=\count431
\makeMPintoPDFobject=\count432
\everyMPtoPDFconversion=\toks30
) (/usr/share/texlive/texmf-dist/tex/latex/epstopdf-pkg/epstopdf-base.sty
Package: epstopdf-base 2020-01-24 v2.11 Base part for package epstopdf
Package epstopdf-base Info: Redefining graphics rule for `.eps' on input line 4
85.
(/usr/share/texlive/texmf-dist/tex/latex/latexconfig/epstopdf-sys.cfg
File: epstopdf-sys.cfg 2010/07/13 v1.3 Configuration of (r)epstopdf for TeX Liv
e
))
Package biblatex Info: Trying to load language 'english'...
Package biblatex Info: ... file 'english.lbx' found.
(/usr/share/texlive/texmf-dist/tex/latex/biblatex/lbx/english.lbx
File: english.lbx 2022/02/02 v3.17 biblatex localization (PK/MW)
)
Package biblatex Info: Input encoding 'utf8' detected.
Package biblatex Info: Automatic encoding selection.
(biblatex)             Assuming data encoding 'utf8'.
\openout3 = `benchmarks.bcf'.

Package biblatex Info: Trying to load bibliographic data...
Package biblatex Info: ... file 'benchmarks.bbl' found.
(./benchmarks.bbl)
Package biblatex Info: Reference section=0 on input line 47.
Package biblatex Info: Reference segment=0 on input line 47.
Package caption Info: Begin \AtBeginDocument code.
Package caption Info: End \AtBeginDocument code.
LaTeX Font Info:    Trying to load font information for U+wasy on input line 61
.
(/usr/share/texlive/texmf-dist/tex/latex/wasysym/uwasy.fd
File: uwasy.fd 2020/01/19 v2.4 Wasy-2 symbol font definitions
)
LaTeX Font Info:    Trying to load font information for U+msa on input line 61.

(/usr/share/texlive/texmf-dist/tex/latex/amsfonts/umsa.fd
File: umsa.fd 2013/01/14 v3.01 AMS symbols A
)
LaTeX Font Info:    Trying to load font information for U+msb on input line 61.

(/usr/share/texlive/texmf-dist/tex/latex/amsfonts/umsb.fd
File: umsb.fd 2013/01/14 v3.01 AMS symbols B
)
LaTeX Font Info:    Trying to load font information for T1+cmtt on input line 7
1.
(/usr/share/texlive/texmf-dist/tex/latex/base/t1cmtt.fd
File: t1cmtt.fd 2019/12/16 v2.5j Standard LaTeX font definitions
) [1

{/var/lib/texmf/fonts/map/pdftex/updmap/pdftex.map}] (./benchmarks.toc [2

])
\tf@toc=\write5
\openout5 = `benchmarks.toc'.

[3] (./table.tex [4

]
<images//climatelearn_-_weather_forcasting_radar.pdf, id=418, 449.03008pt x 418
.81903pt>
File: images//climatelearn_-_weather_forcasting_radar.pdf Graphic file (type pd
f)
<use images//climatelearn_-_weather_forcasting_radar.pdf>
Package pdftex.def Info: images//climatelearn_-_weather_forcasting_radar.pdf  u
sed on input line 16.
(pdftex.def)             Requested size: 55.901pt x 52.13496pt.

Overfull \hbox (0.62497pt too wide) in paragraph at lines 16--16
\T1/cmr/m/n/8 Anomaly 
 []

<images//climatelearn_-_downscaling_radar.pdf, id=420, 449.03008pt x 396.33504p
t>
File: images//climatelearn_-_downscaling_radar.pdf Graphic file (type pdf)
<use images//climatelearn_-_downscaling_radar.pdf>
Package pdftex.def Info: images//climatelearn_-_downscaling_radar.pdf  used on 
input line 17.
(pdftex.def)             Requested size: 55.901pt x 49.33614pt.

Overfull \hbox (0.62497pt too wide) in paragraph at lines 17--17
\T1/cmr/m/n/8 Anomaly 
 []

<images//climatelearn_-_climate_projection_radar.pdf, id=422, 449.03008pt x 418
.81903pt>
File: images//climatelearn_-_climate_projection_radar.pdf Graphic file (type pd
f)
<use images//climatelearn_-_climate_projection_radar.pdf>
Package pdftex.def Info: images//climatelearn_-_climate_projection_radar.pdf  u
sed on input line 18.
(pdftex.def)             Requested size: 55.901pt x 52.13496pt.

Overfull \hbox (0.62497pt too wide) in paragraph at lines 18--18
\T1/cmr/m/n/8 Anomaly 
 []

<images//mlcommons_science_-_cloudmask_radar.pdf, id=424, 449.03008pt x 396.335
04pt>
File: images//mlcommons_science_-_cloudmask_radar.pdf Graphic file (type pdf)
<use images//mlcommons_science_-_cloudmask_radar.pdf>
Package pdftex.def Info: images//mlcommons_science_-_cloudmask_radar.pdf  used 
on input line 19.
(pdftex.def)             Requested size: 55.901pt x 49.33614pt.
<images//mlcommons_science_-_earthquake_radar.pdf, id=426, 449.03008pt x 396.33
504pt>
File: images//mlcommons_science_-_earthquake_radar.pdf Graphic file (type pdf)
<use images//mlcommons_science_-_earthquake_radar.pdf>
Package pdftex.def Info: images//mlcommons_science_-_earthquake_radar.pdf  used
 on input line 20.
(pdftex.def)             Requested size: 55.901pt x 49.33614pt.
<images//mlcommons_science_-_candle_uno_radar.pdf, id=428, 449.03008pt x 396.33
504pt>
File: images//mlcommons_science_-_candle_uno_radar.pdf Graphic file (type pdf)
<use images//mlcommons_science_-_candle_uno_radar.pdf>
Package pdftex.def Info: images//mlcommons_science_-_candle_uno_radar.pdf  used
 on input line 21.
(pdftex.def)             Requested size: 55.901pt x 49.33614pt.
<images//mlcommons_science_-_stemdl_radar.pdf, id=430, 449.03008pt x 396.33504p
t>
File: images//mlcommons_science_-_stemdl_radar.pdf Graphic file (type pdf)
<use images//mlcommons_science_-_stemdl_radar.pdf>
Package pdftex.def Info: images//mlcommons_science_-_stemdl_radar.pdf  used on 
input line 22.
(pdftex.def)             Requested size: 55.901pt x 49.33614pt.
<images//arc-challenge_advanced_reasoning_challenge_radar.pdf, id=432, 449.0300
8pt x 418.81903pt>
File: images//arc-challenge_advanced_reasoning_challenge_radar.pdf Graphic file
 (type pdf)
<use images//arc-challenge_advanced_reasoning_challenge_radar.pdf>
Package pdftex.def Info: images//arc-challenge_advanced_reasoning_challenge_rad
ar.pdf  used on input line 23.
(pdftex.def)             Requested size: 55.901pt x 52.13496pt.
<images//molgen_radar.pdf, id=434, 449.03008pt x 396.33504pt>
File: images//molgen_radar.pdf Graphic file (type pdf)
<use images//molgen_radar.pdf>
Package pdftex.def Info: images//molgen_radar.pdf  used on input line 24.
(pdftex.def)             Requested size: 55.901pt x 49.33614pt.
<images//open_graph_benchmark_ogb_-_biology_radar.pdf, id=436, 449.03008pt x 41
8.81903pt>
File: images//open_graph_benchmark_ogb_-_biology_radar.pdf Graphic file (type p
df)
<use images//open_graph_benchmark_ogb_-_biology_radar.pdf>
Package pdftex.def Info: images//open_graph_benchmark_ogb_-_biology_radar.pdf  
used on input line 25.
(pdftex.def)             Requested size: 55.901pt x 52.13496pt.
<images//llms_for_crop_science_radar.pdf, id=438, 449.03008pt x 396.33504pt>
File: images//llms_for_crop_science_radar.pdf Graphic file (type pdf)
<use images//llms_for_crop_science_radar.pdf>
Package pdftex.def Info: images//llms_for_crop_science_radar.pdf  used on input
 line 26.
(pdftex.def)             Requested size: 55.901pt x 49.33614pt.
<images//scicode_radar.pdf, id=440, 449.03008pt x 396.33504pt>
File: images//scicode_radar.pdf Graphic file (type pdf)
<use images//scicode_radar.pdf>
Package pdftex.def Info: images//scicode_radar.pdf  used on input line 27.
(pdftex.def)             Requested size: 55.901pt x 49.33614pt.

Overfull \hbox (3.93805pt too wide) in paragraph at lines 27--27
\T1/cmr/m/n/8 Claude3.5 
 []

<images//calochallenge__radar.pdf, id=442, 449.03008pt x 396.33504pt>
File: images//calochallenge__radar.pdf Graphic file (type pdf)
<use images//calochallenge__radar.pdf>
Package pdftex.def Info: images//calochallenge__radar.pdf  used on input line 2
8.
(pdftex.def)             Requested size: 55.901pt x 49.33614pt.

Overfull \hbox (1.11235pt too wide) in paragraph at lines 28--28
\T1/cmr/m/n/8 calorime- 
 []

<images//pdebench_radar.pdf, id=444, 449.03008pt x 396.33504pt>
File: images//pdebench_radar.pdf Graphic file (type pdf)
<use images//pdebench_radar.pdf>
Package pdftex.def Info: images//pdebench_radar.pdf  used on input line 29.
(pdftex.def)             Requested size: 55.901pt x 49.33614pt.
<images//urban_data_layer_udl_-_pm_concentration_prediction_radar.pdf, id=446, 
449.03008pt x 418.81903pt>
File: images//urban_data_layer_udl_-_pm_concentration_prediction_radar.pdf Grap
hic file (type pdf)
<use images//urban_data_layer_udl_-_pm_concentration_prediction_radar.pdf>
Package pdftex.def Info: images//urban_data_layer_udl_-_pm_concentration_predic
tion_radar.pdf  used on input line 30.
(pdftex.def)             Requested size: 55.901pt x 52.13496pt.
<images//urban_data_layer_udl_-_built-up_area_classification_radar.pdf, id=448,
 449.03008pt x 418.81903pt>
File: images//urban_data_layer_udl_-_built-up_area_classification_radar.pdf Gra
phic file (type pdf)
<use images//urban_data_layer_udl_-_built-up_area_classification_radar.pdf>
Package pdftex.def Info: images//urban_data_layer_udl_-_built-up_area_classific
ation_radar.pdf  used on input line 31.
(pdftex.def)             Requested size: 55.901pt x 52.13496pt.
<images//urban_data_layer_udl_-_administrative_boundaries_identification_radar.
pdf, id=450, 449.03008pt x 441.30302pt>
File: images//urban_data_layer_udl_-_administrative_boundaries_identification_r
adar.pdf Graphic file (type pdf)
<use images//urban_data_layer_udl_-_administrative_boundaries_identification_ra
dar.pdf>
Package pdftex.def Info: images//urban_data_layer_udl_-_administrative_boundari
es_identification_radar.pdf  used on input line 32.
(pdftex.def)             Requested size: 55.901pt x 54.93379pt.
<images//urban_data_layer_udl_-_el_nino_anomaly_detection_radar.pdf, id=452, 44
9.03008pt x 418.81903pt>
File: images//urban_data_layer_udl_-_el_nino_anomaly_detection_radar.pdf Graphi
c file (type pdf)
<use images//urban_data_layer_udl_-_el_nino_anomaly_detection_radar.pdf>
Package pdftex.def Info: images//urban_data_layer_udl_-_el_nino_anomaly_detecti
on_radar.pdf  used on input line 33.
(pdftex.def)             Requested size: 55.901pt x 52.13496pt.
<images//spiqa_llm_radar.pdf, id=454, 449.03008pt x 396.33504pt>
File: images//spiqa_llm_radar.pdf Graphic file (type pdf)
<use images//spiqa_llm_radar.pdf>
Package pdftex.def Info: images//spiqa_llm_radar.pdf  used on input line 34.
(pdftex.def)             Requested size: 55.901pt x 49.33614pt.

Overfull \hbox (2.92024pt too wide) in paragraph at lines 34--34
\T1/cmr/m/n/8 MiniGPT 
 []

<images//mlcommons_medical_ai_-_pancreas_segmentation_dfci_radar.pdf, id=456, 4
49.03008pt x 418.81903pt>
File: images//mlcommons_medical_ai_-_pancreas_segmentation_dfci_radar.pdf Graph
ic file (type pdf)
<use images//mlcommons_medical_ai_-_pancreas_segmentation_dfci_radar.pdf>
Package pdftex.def Info: images//mlcommons_medical_ai_-_pancreas_segmentation_d
fci_radar.pdf  used on input line 35.
(pdftex.def)             Requested size: 55.901pt x 52.13496pt.
<images//mlcommons_medical_ai_-_brain_tumor_segmentation_brats_radar.pdf, id=45
8, 449.03008pt x 418.81903pt>
File: images//mlcommons_medical_ai_-_brain_tumor_segmentation_brats_radar.pdf G
raphic file (type pdf)
<use images//mlcommons_medical_ai_-_brain_tumor_segmentation_brats_radar.pdf>
Package pdftex.def Info: images//mlcommons_medical_ai_-_brain_tumor_segmentatio
n_brats_radar.pdf  used on input line 36.
(pdftex.def)             Requested size: 55.901pt x 52.13496pt.
<images//mlcommons_medical_ai_-__surgical_workflow_phase_recognition_surgmlcube
_radar.pdf, id=460, 449.03008pt x 441.30302pt>
File: images//mlcommons_medical_ai_-__surgical_workflow_phase_recognition_surgm
lcube_radar.pdf Graphic file (type pdf)
<use images//mlcommons_medical_ai_-__surgical_workflow_phase_recognition_surgml
cube_radar.pdf>
Package pdftex.def Info: images//mlcommons_medical_ai_-__surgical_workflow_phas
e_recognition_surgmlcube_radar.pdf  used on input line 37.
(pdftex.def)             Requested size: 55.901pt x 54.93379pt.
<images//seafloorai_radar.pdf, id=462, 449.03008pt x 396.33504pt>
File: images//seafloorai_radar.pdf Graphic file (type pdf)
<use images//seafloorai_radar.pdf>
Package pdftex.def Info: images//seafloorai_radar.pdf  used on input line 38.
(pdftex.def)             Requested size: 55.901pt x 49.33614pt.
<images//seafloorgenai_radar.pdf, id=464, 449.03008pt x 396.33504pt>
File: images//seafloorgenai_radar.pdf Graphic file (type pdf)
<use images//seafloorgenai_radar.pdf>
Package pdftex.def Info: images//seafloorgenai_radar.pdf  used on input line 39
.
(pdftex.def)             Requested size: 55.901pt x 49.33614pt.
<images//gess_-_track_pileup_radar.pdf, id=466, 449.03008pt x 396.33504pt>
File: images//gess_-_track_pileup_radar.pdf Graphic file (type pdf)
<use images//gess_-_track_pileup_radar.pdf>
Package pdftex.def Info: images//gess_-_track_pileup_radar.pdf  used on input l
ine 40.
(pdftex.def)             Requested size: 55.901pt x 49.33614pt.

Overfull \hbox (13.48572pt too wide) in paragraph at lines 40--40
\T1/cmr/m/n/8 DimeNet++|  
 []

<images//gess_-_track_signal_radar.pdf, id=468, 449.03008pt x 396.33504pt>
File: images//gess_-_track_signal_radar.pdf Graphic file (type pdf)
<use images//gess_-_track_signal_radar.pdf>
Package pdftex.def Info: images//gess_-_track_signal_radar.pdf  used on input l
ine 41.
(pdftex.def)             Requested size: 55.901pt x 49.33614pt.

Overfull \hbox (13.48572pt too wide) in paragraph at lines 41--41
\T1/cmr/m/n/8 DimeNet++|  
 []

<images//gess_-_drugood_radar.pdf, id=470, 449.03008pt x 396.33504pt>
File: images//gess_-_drugood_radar.pdf Graphic file (type pdf)
<use images//gess_-_drugood_radar.pdf>
Package pdftex.def Info: images//gess_-_drugood_radar.pdf  used on input line 4
2.
(pdftex.def)             Requested size: 55.901pt x 49.33614pt.

Overfull \hbox (13.48572pt too wide) in paragraph at lines 42--42
\T1/cmr/m/n/8 DimeNet++|  
 []

<images//gess_-_qmof_radar.pdf, id=472, 449.03008pt x 396.33504pt>
File: images//gess_-_qmof_radar.pdf Graphic file (type pdf)
<use images//gess_-_qmof_radar.pdf>
Package pdftex.def Info: images//gess_-_qmof_radar.pdf  used on input line 43.
(pdftex.def)             Requested size: 55.901pt x 49.33614pt.

Overfull \hbox (13.48572pt too wide) in paragraph at lines 43--43
\T1/cmr/m/n/8 DimeNet++|  
 []

<images//ocp_open_catalyst_project_radar.pdf, id=474, 449.03008pt x 396.33504pt
>
File: images//ocp_open_catalyst_project_radar.pdf Graphic file (type pdf)
<use images//ocp_open_catalyst_project_radar.pdf>
Package pdftex.def Info: images//ocp_open_catalyst_project_radar.pdf  used on i
nput line 44.
(pdftex.def)             Requested size: 55.901pt x 49.33614pt.

Overfull \hbox (1.14568pt too wide) in paragraph at lines 44--44
\T1/cmr/m/n/8 CGCNN, 
 []


Overfull \hbox (15.84625pt too wide) in paragraph at lines 44--44
\T1/cmr/m/n/8 DimeNet++, 
 []

<images//jet_classification_radar.pdf, id=477, 449.03008pt x 396.33504pt>
File: images//jet_classification_radar.pdf Graphic file (type pdf)
<use images//jet_classification_radar.pdf>
Package pdftex.def Info: images//jet_classification_radar.pdf  used on input li
ne 45.
(pdftex.def)             Requested size: 55.901pt x 49.33614pt.
<images//irregular_sensor_data_compression_radar.pdf, id=479, 449.03008pt x 418
.81903pt>
File: images//irregular_sensor_data_compression_radar.pdf Graphic file (type pd
f)
<use images//irregular_sensor_data_compression_radar.pdf>
Package pdftex.def Info: images//irregular_sensor_data_compression_radar.pdf  u
sed on input line 46.
(pdftex.def)             Requested size: 55.901pt x 52.13496pt.
<images//mlperf_hpc_-_cosmoflow_radar.pdf, id=481, 449.03008pt x 396.33504pt>
File: images//mlperf_hpc_-_cosmoflow_radar.pdf Graphic file (type pdf)
<use images//mlperf_hpc_-_cosmoflow_radar.pdf>
Package pdftex.def Info: images//mlperf_hpc_-_cosmoflow_radar.pdf  used on inpu
t line 47.
(pdftex.def)             Requested size: 55.901pt x 49.33614pt.
<images//mlperf_hpc_-_deepcam_radar.pdf, id=483, 449.03008pt x 396.33504pt>
File: images//mlperf_hpc_-_deepcam_radar.pdf Graphic file (type pdf)
<use images//mlperf_hpc_-_deepcam_radar.pdf>
Package pdftex.def Info: images//mlperf_hpc_-_deepcam_radar.pdf  used on input 
line 48.
(pdftex.def)             Requested size: 55.901pt x 49.33614pt.
<images//mlperf_hpc_-_open_catalyst_project_dimenet__radar.pdf, id=485, 449.030
08pt x 418.81903pt>
File: images//mlperf_hpc_-_open_catalyst_project_dimenet__radar.pdf Graphic fil
e (type pdf)
<use images//mlperf_hpc_-_open_catalyst_project_dimenet__radar.pdf>
Package pdftex.def Info: images//mlperf_hpc_-_open_catalyst_project_dimenet__ra
dar.pdf  used on input line 49.
(pdftex.def)             Requested size: 55.901pt x 52.13496pt.

Overfull \hbox (4.09578pt too wide) in paragraph at lines 49--49
\T1/cmr/m/n/8 DimeNet++|  
 []

<images//mlperf_hpc_-_openfold_radar.pdf, id=487, 449.03008pt x 396.33504pt>
File: images//mlperf_hpc_-_openfold_radar.pdf Graphic file (type pdf)
<use images//mlperf_hpc_-_openfold_radar.pdf>
Package pdftex.def Info: images//mlperf_hpc_-_openfold_radar.pdf  used on input
 line 50.
(pdftex.def)             Requested size: 55.901pt x 49.33614pt.
<images//hdr_ml_anomaly_challenge_-_gravitational_waves_radar.pdf, id=489, 449.
03008pt x 418.81903pt>
File: images//hdr_ml_anomaly_challenge_-_gravitational_waves_radar.pdf Graphic 
file (type pdf)
<use images//hdr_ml_anomaly_challenge_-_gravitational_waves_radar.pdf>
Package pdftex.def Info: images//hdr_ml_anomaly_challenge_-_gravitational_waves
_radar.pdf  used on input line 51.
(pdftex.def)             Requested size: 55.901pt x 52.13496pt.
<images//supercond_-_property_prediction_radar.pdf, id=491, 449.03008pt x 418.8
1903pt>
File: images//supercond_-_property_prediction_radar.pdf Graphic file (type pdf)

<use images//supercond_-_property_prediction_radar.pdf>
Package pdftex.def Info: images//supercond_-_property_prediction_radar.pdf  use
d on input line 52.
(pdftex.def)             Requested size: 55.901pt x 52.13496pt.
<images//supercond_-__inverse_crystal_structure_generation_radar.pdf, id=493, 4
49.03008pt x 418.81903pt>
File: images//supercond_-__inverse_crystal_structure_generation_radar.pdf Graph
ic file (type pdf)
<use images//supercond_-__inverse_crystal_structure_generation_radar.pdf>
Package pdftex.def Info: images//supercond_-__inverse_crystal_structure_generat
ion_radar.pdf  used on input line 53.
(pdftex.def)             Requested size: 55.901pt x 52.13496pt.
<images//baisbench_biological_ai_scientist_benchmark_-_question_answering_radar
.pdf, id=495, 449.03008pt x 441.30302pt>
File: images//baisbench_biological_ai_scientist_benchmark_-_question_answering_
radar.pdf Graphic file (type pdf)
<use images//baisbench_biological_ai_scientist_benchmark_-_question_answering_r
adar.pdf>
Package pdftex.def Info: images//baisbench_biological_ai_scientist_benchmark_-_
question_answering_radar.pdf  used on input line 54.
(pdftex.def)             Requested size: 55.901pt x 54.93379pt.
<images//baisbench_biological_ai_scientist_benchmark_-_cell_type_annotation_rad
ar.pdf, id=497, 449.03008pt x 441.30302pt>
File: images//baisbench_biological_ai_scientist_benchmark_-_cell_type_annotatio
n_radar.pdf Graphic file (type pdf)
<use images//baisbench_biological_ai_scientist_benchmark_-_cell_type_annotation
_radar.pdf>
Package pdftex.def Info: images//baisbench_biological_ai_scientist_benchmark_-_
cell_type_annotation_radar.pdf  used on input line 55.
(pdftex.def)             Requested size: 55.901pt x 54.93379pt.
<images//the_well_radar.pdf, id=499, 449.03008pt x 396.33504pt>
File: images//the_well_radar.pdf Graphic file (type pdf)
<use images//the_well_radar.pdf>
Package pdftex.def Info: images//the_well_radar.pdf  used on input line 56.
(pdftex.def)             Requested size: 55.901pt x 49.33614pt.

Overfull \hbox (2.74945pt too wide) in paragraph at lines 56--56
\T1/cmr/m/n/8 Medicine, 
 []

<images//mmlu_massive_multitask_language_understanding_radar.pdf, id=501, 449.0
3008pt x 418.81903pt>
File: images//mmlu_massive_multitask_language_understanding_radar.pdf Graphic f
ile (type pdf)
<use images//mmlu_massive_multitask_language_understanding_radar.pdf>
Package pdftex.def Info: images//mmlu_massive_multitask_language_understanding_
radar.pdf  used on input line 57.
(pdftex.def)             Requested size: 55.901pt x 52.13496pt.

Overfull \hbox (2.63559pt too wide) in paragraph at lines 57--57
\T1/cmr/m/n/8 DeepSeek 
 []

<images//satimgnet_radar.pdf, id=503, 449.03008pt x 396.33504pt>
File: images//satimgnet_radar.pdf Graphic file (type pdf)
<use images//satimgnet_radar.pdf>
Package pdftex.def Info: images//satimgnet_radar.pdf  used on input line 58.
(pdftex.def)             Requested size: 55.901pt x 49.33614pt.
<images//gpqa_diamond_radar.pdf, id=505, 449.03008pt x 396.33504pt>
File: images//gpqa_diamond_radar.pdf Graphic file (type pdf)
<use images//gpqa_diamond_radar.pdf>
Package pdftex.def Info: images//gpqa_diamond_radar.pdf  used on input line 59.

(pdftex.def)             Requested size: 55.901pt x 49.33614pt.

Overfull \hbox (2.74945pt too wide) in paragraph at lines 59--59
\T1/cmr/m/n/8 Medicine, 
 []


Overfull \hbox (2.63559pt too wide) in paragraph at lines 59--59
\T1/cmr/m/n/8 DeepSeek 
 []

<images//prmk_radar.pdf, id=507, 449.03008pt x 396.33504pt>
File: images//prmk_radar.pdf Graphic file (type pdf)
<use images//prmk_radar.pdf>
Package pdftex.def Info: images//prmk_radar.pdf  used on input line 60.
(pdftex.def)             Requested size: 55.901pt x 49.33614pt.
<images//feabench_finite_element_analysis_benchmark_evaluating_language_models_
on_multiphysics_reasoning_ability_radar.pdf, id=509, 449.03008pt x 463.78702pt>

File: images//feabench_finite_element_analysis_benchmark_evaluating_language_mo
dels_on_multiphysics_reasoning_ability_radar.pdf Graphic file (type pdf)
<use images//feabench_finite_element_analysis_benchmark_evaluating_language_mod
els_on_multiphysics_reasoning_ability_radar.pdf>
Package pdftex.def Info: images//feabench_finite_element_analysis_benchmark_eva
luating_language_models_on_multiphysics_reasoning_ability_radar.pdf  used on in
put line 61.
(pdftex.def)             Requested size: 55.901pt x 57.73262pt.
<images//neural_architecture_codesign_for_fast_physics_applications_radar.pdf, 
id=511, 449.03008pt x 418.81903pt>
File: images//neural_architecture_codesign_for_fast_physics_applications_radar.
pdf Graphic file (type pdf)
<use images//neural_architecture_codesign_for_fast_physics_applications_radar.p
df>
Package pdftex.def Info: images//neural_architecture_codesign_for_fast_physics_
applications_radar.pdf  used on input line 62.
(pdftex.def)             Requested size: 55.901pt x 52.13496pt.
<images//delta_squared-dft_radar.pdf, id=513, 449.03008pt x 396.33504pt>
File: images//delta_squared-dft_radar.pdf Graphic file (type pdf)
<use images//delta_squared-dft_radar.pdf>
Package pdftex.def Info: images//delta_squared-dft_radar.pdf  used on input lin
e 63.
(pdftex.def)             Requested size: 55.901pt x 49.33614pt.
<images//hdr_ml_anomaly_challenge_-_sea_level_rise_radar.pdf, id=515, 449.03008
pt x 418.81903pt>
File: images//hdr_ml_anomaly_challenge_-_sea_level_rise_radar.pdf Graphic file 
(type pdf)
<use images//hdr_ml_anomaly_challenge_-_sea_level_rise_radar.pdf>
Package pdftex.def Info: images//hdr_ml_anomaly_challenge_-_sea_level_rise_rada
r.pdf  used on input line 64.
(pdftex.def)             Requested size: 55.901pt x 52.13496pt.
<images//vocal_call_locator_vcl_radar.pdf, id=517, 449.03008pt x 396.33504pt>
File: images//vocal_call_locator_vcl_radar.pdf Graphic file (type pdf)
<use images//vocal_call_locator_vcl_radar.pdf>
Package pdftex.def Info: images//vocal_call_locator_vcl_radar.pdf  used on inpu
t line 65.
(pdftex.def)             Requested size: 55.901pt x 49.33614pt.
<images//massspecgym_-_de_novo_molecule_generation_radar.pdf, id=519, 449.03008
pt x 418.81903pt>
File: images//massspecgym_-_de_novo_molecule_generation_radar.pdf Graphic file 
(type pdf)
<use images//massspecgym_-_de_novo_molecule_generation_radar.pdf>
Package pdftex.def Info: images//massspecgym_-_de_novo_molecule_generation_rada
r.pdf  used on input line 66.
(pdftex.def)             Requested size: 55.901pt x 52.13496pt.

Overfull \hbox (2.56894pt too wide) in paragraph at lines 66--66
\T1/cmr/m/n/8 molecules 
 []

<images//massspecgym_-_molecule_retrieval_radar.pdf, id=521, 449.03008pt x 418.
81903pt>
File: images//massspecgym_-_molecule_retrieval_radar.pdf Graphic file (type pdf
)
<use images//massspecgym_-_molecule_retrieval_radar.pdf>
Package pdftex.def Info: images//massspecgym_-_molecule_retrieval_radar.pdf  us
ed on input line 67.
(pdftex.def)             Requested size: 55.901pt x 52.13496pt.

Overfull \hbox (2.56894pt too wide) in paragraph at lines 67--67
\T1/cmr/m/n/8 molecules 
 []

<images//massspecgym_-_spectrum_simulation_radar.pdf, id=523, 449.03008pt x 418
.81903pt>
File: images//massspecgym_-_spectrum_simulation_radar.pdf Graphic file (type pd
f)
<use images//massspecgym_-_spectrum_simulation_radar.pdf>
Package pdftex.def Info: images//massspecgym_-_spectrum_simulation_radar.pdf  u
sed on input line 68.
(pdftex.def)             Requested size: 55.901pt x 52.13496pt.

Overfull \hbox (2.56894pt too wide) in paragraph at lines 68--68
\T1/cmr/m/n/8 molecules 
 []

<images//spiqa_scientific_paper_image_question_answering_radar.pdf, id=525, 449
.03008pt x 418.81903pt>
File: images//spiqa_scientific_paper_image_question_answering_radar.pdf Graphic
 file (type pdf)
<use images//spiqa_scientific_paper_image_question_answering_radar.pdf>
Package pdftex.def Info: images//spiqa_scientific_paper_image_question_answerin
g_radar.pdf  used on input line 69.
(pdftex.def)             Requested size: 55.901pt x 52.13496pt.
<images//gpqa_a_graduate-level_google-proof_question_and_answer_benchmark_radar
.pdf, id=527, 449.03008pt x 441.30302pt>
File: images//gpqa_a_graduate-level_google-proof_question_and_answer_benchmark_
radar.pdf Graphic file (type pdf)
<use images//gpqa_a_graduate-level_google-proof_question_and_answer_benchmark_r
adar.pdf>
Package pdftex.def Info: images//gpqa_a_graduate-level_google-proof_question_an
d_answer_benchmark_radar.pdf  used on input line 70.
(pdftex.def)             Requested size: 55.901pt x 54.93379pt.

Overfull \hbox (2.74945pt too wide) in paragraph at lines 70--70
\T1/cmr/m/n/8 Medicine, 
 []

<images//medqa_radar.pdf, id=529, 449.03008pt x 396.33504pt>
File: images//medqa_radar.pdf Graphic file (type pdf)
<use images//medqa_radar.pdf>
Package pdftex.def Info: images//medqa_radar.pdf  used on input line 71.
(pdftex.def)             Requested size: 55.901pt x 49.33614pt.
<images//single_qubit_readout_on_qick_system_radar.pdf, id=531, 449.03008pt x 4
18.81903pt>
File: images//single_qubit_readout_on_qick_system_radar.pdf Graphic file (type 
pdf)
<use images//single_qubit_readout_on_qick_system_radar.pdf>
Package pdftex.def Info: images//single_qubit_readout_on_qick_system_radar.pdf 
 used on input line 72.
(pdftex.def)             Requested size: 55.901pt x 52.13496pt.
<images//cfdbench_fluid_dynamics_radar.pdf, id=533, 449.03008pt x 396.33504pt>
File: images//cfdbench_fluid_dynamics_radar.pdf Graphic file (type pdf)
<use images//cfdbench_fluid_dynamics_radar.pdf>
Package pdftex.def Info: images//cfdbench_fluid_dynamics_radar.pdf  used on inp
ut line 73.
(pdftex.def)             Requested size: 55.901pt x 49.33614pt.
<images//curie_scientific_long-context_understanding_reasoning_and_information_
extraction_radar.pdf, id=535, 449.03008pt x 441.30302pt>
File: images//curie_scientific_long-context_understanding_reasoning_and_informa
tion_extraction_radar.pdf Graphic file (type pdf)
<use images//curie_scientific_long-context_understanding_reasoning_and_informat
ion_extraction_radar.pdf>
Package pdftex.def Info: images//curie_scientific_long-context_understanding_re
asoning_and_information_extraction_radar.pdf  used on input line 74.
(pdftex.def)             Requested size: 55.901pt x 54.93379pt.

Overfull \hbox (2.74945pt too wide) in paragraph at lines 74--74
\T1/cmr/m/n/8 Medicine, 
 []

<images//smart_pixels_for_lhc_radar.pdf, id=537, 449.03008pt x 396.33504pt>
File: images//smart_pixels_for_lhc_radar.pdf Graphic file (type pdf)
<use images//smart_pixels_for_lhc_radar.pdf>
Package pdftex.def Info: images//smart_pixels_for_lhc_radar.pdf  used on input 
line 75.
(pdftex.def)             Requested size: 55.901pt x 49.33614pt.
<images//lhc_new_physics_dataset_radar.pdf, id=539, 449.03008pt x 396.33504pt>
File: images//lhc_new_physics_dataset_radar.pdf Graphic file (type pdf)
<use images//lhc_new_physics_dataset_radar.pdf>
Package pdftex.def Info: images//lhc_new_physics_dataset_radar.pdf  used on inp
ut line 76.
(pdftex.def)             Requested size: 55.901pt x 49.33614pt.
<images//quantum_computing_benchmarks_qml_radar.pdf, id=541, 449.03008pt x 418.
81903pt>
File: images//quantum_computing_benchmarks_qml_radar.pdf Graphic file (type pdf
)
<use images//quantum_computing_benchmarks_qml_radar.pdf>
Package pdftex.def Info: images//quantum_computing_benchmarks_qml_radar.pdf  us
ed on input line 77.
(pdftex.def)             Requested size: 55.901pt x 52.13496pt.

Overfull \hbox (15.59354pt too wide) in paragraph at lines 77--77
\T1/cmr/m/n/8 AQT@LBNL|  
 []

<images//ultrafast_jet_classification_at_the_hl-lhc_radar.pdf, id=543, 449.0300
8pt x 418.81903pt>
File: images//ultrafast_jet_classification_at_the_hl-lhc_radar.pdf Graphic file
 (type pdf)
<use images//ultrafast_jet_classification_at_the_hl-lhc_radar.pdf>
Package pdftex.def Info: images//ultrafast_jet_classification_at_the_hl-lhc_rad
ar.pdf  used on input line 78.
(pdftex.def)             Requested size: 55.901pt x 52.13496pt.
<images//hedm_braggnn_radar.pdf, id=545, 449.03008pt x 396.33504pt>
File: images//hedm_braggnn_radar.pdf Graphic file (type pdf)
<use images//hedm_braggnn_radar.pdf>
Package pdftex.def Info: images//hedm_braggnn_radar.pdf  used on input line 79.

(pdftex.def)             Requested size: 55.901pt x 49.33614pt.
<images//d-stem_radar.pdf, id=547, 449.03008pt x 396.33504pt>
File: images//d-stem_radar.pdf Graphic file (type pdf)
<use images//d-stem_radar.pdf>
Package pdftex.def Info: images//d-stem_radar.pdf  used on input line 80.
(pdftex.def)             Requested size: 55.901pt x 49.33614pt.

Overfull \hbox (2.05656pt too wide) in paragraph at lines 80--80
\T1/cmr/m/n/8 Through- 
 []

<images//beam_control_radar.pdf, id=549, 449.03008pt x 396.33504pt>
File: images//beam_control_radar.pdf Graphic file (type pdf)
<use images//beam_control_radar.pdf>
Package pdftex.def Info: images//beam_control_radar.pdf  used on input line 81.

(pdftex.def)             Requested size: 55.901pt x 49.33614pt.

Overfull \hbox (2.99384pt too wide) in paragraph at lines 81--81
\T1/cmr/m/n/8 (planned)|  
 []

<images//intelligent_experiments_through_real-time_ai_radar.pdf, id=552, 449.03
008pt x 418.81903pt>
File: images//intelligent_experiments_through_real-time_ai_radar.pdf Graphic fi
le (type pdf)
<use images//intelligent_experiments_through_real-time_ai_radar.pdf>
Package pdftex.def Info: images//intelligent_experiments_through_real-time_ai_r
adar.pdf  used on input line 82.
(pdftex.def)             Requested size: 55.901pt x 52.13496pt.

Overfull \hbox (4.17966pt too wide) in paragraph at lines 82--82
\T1/cmr/m/n/8 sPHENIX 
 []

<images//hdr_ml_anomaly_challenge_-_butterfly_radar.pdf, id=554, 449.03008pt x 
418.81903pt>
File: images//hdr_ml_anomaly_challenge_-_butterfly_radar.pdf Graphic file (type
 pdf)
<use images//hdr_ml_anomaly_challenge_-_butterfly_radar.pdf>
Package pdftex.def Info: images//hdr_ml_anomaly_challenge_-_butterfly_radar.pdf
  used on input line 83.
(pdftex.def)             Requested size: 55.901pt x 52.13496pt.
<images//dune_radar.pdf, id=556, 449.03008pt x 396.33504pt>
File: images//dune_radar.pdf Graphic file (type pdf)
<use images//dune_radar.pdf>
Package pdftex.def Info: images//dune_radar.pdf  used on input line 84.
(pdftex.def)             Requested size: 55.901pt x 49.33614pt.

Overfull \hbox (2.99384pt too wide) in paragraph at lines 84--84
\T1/cmr/m/n/8 (planned)|  
 []

<images//frontiermath_radar.pdf, id=558, 449.03008pt x 396.33504pt>
File: images//frontiermath_radar.pdf Graphic file (type pdf)
<use images//frontiermath_radar.pdf>
Package pdftex.def Info: images//frontiermath_radar.pdf  used on input line 85.

(pdftex.def)             Requested size: 55.901pt x 49.33614pt.
<images//aime_american_invitational_mathematics_examination_radar.pdf, id=560, 
449.03008pt x 418.81903pt>
File: images//aime_american_invitational_mathematics_examination_radar.pdf Grap
hic file (type pdf)
<use images//aime_american_invitational_mathematics_examination_radar.pdf>
Package pdftex.def Info: images//aime_american_invitational_mathematics_examina
tion_radar.pdf  used on input line 86.
(pdftex.def)             Requested size: 55.901pt x 52.13496pt.
<images//quench_detection_radar.pdf, id=562, 449.03008pt x 396.33504pt>
File: images//quench_detection_radar.pdf Graphic file (type pdf)
<use images//quench_detection_radar.pdf>
Package pdftex.def Info: images//quench_detection_radar.pdf  used on input line
 87.
(pdftex.def)             Requested size: 55.901pt x 49.33614pt.
<images//materials_project_radar.pdf, id=564, 449.03008pt x 396.33504pt>
File: images//materials_project_radar.pdf Graphic file (type pdf)
<use images//materials_project_radar.pdf>
Package pdftex.def Info: images//materials_project_radar.pdf  used on input lin
e 88.
(pdftex.def)             Requested size: 55.901pt x 49.33614pt.
<images//in-situ_high-speed_computer_vision_radar.pdf, id=566, 449.03008pt x 41
8.81903pt>
File: images//in-situ_high-speed_computer_vision_radar.pdf Graphic file (type p
df)
<use images//in-situ_high-speed_computer_vision_radar.pdf>
Package pdftex.def Info: images//in-situ_high-speed_computer_vision_radar.pdf  
used on input line 89.
(pdftex.def)             Requested size: 55.901pt x 52.13496pt.
[5

 <./images//climatelearn_-_weather_forcasting_radar.pdf> <./images//climatelear
n_-_downscaling_radar.pdf> <./images//climatelearn_-_climate_projection_radar.p
df> <./images//mlcommons_science_-_cloudmask_radar.pdf>] [6 <./images//mlcommon
s_science_-_earthquake_radar.pdf> <./images//mlcommons_science_-_candle_uno_rad
ar.pdf> <./images//mlcommons_science_-_stemdl_radar.pdf>] [7 <./images//arc-cha
llenge_advanced_reasoning_challenge_radar.pdf> <./images//molgen_radar.pdf> <./
images//open_graph_benchmark_ogb_-_biology_radar.pdf> <./images//llms_for_crop_
science_radar.pdf>] [8 <./images//scicode_radar.pdf> <./images//calochallenge__
radar.pdf> <./images//pdebench_radar.pdf> <./images//urban_data_layer_udl_-_pm_
concentration_prediction_radar.pdf>] [9 <./images//urban_data_layer_udl_-_built
-up_area_classification_radar.pdf> <./images//urban_data_layer_udl_-_administra
tive_boundaries_identification_radar.pdf> <./images//urban_data_layer_udl_-_el_
nino_anomaly_detection_radar.pdf> <./images//spiqa_llm_radar.pdf>] [10 <./image
s//mlcommons_medical_ai_-_pancreas_segmentation_dfci_radar.pdf> <./images//mlco
mmons_medical_ai_-_brain_tumor_segmentation_brats_radar.pdf>] [11 <./images//ml
commons_medical_ai_-__surgical_workflow_phase_recognition_surgmlcube_radar.pdf>
 <./images//seafloorai_radar.pdf> <./images//seafloorgenai_radar.pdf>] [12 <./i
mages//gess_-_track_pileup_radar.pdf> <./images//gess_-_track_signal_radar.pdf>
] [13 <./images//gess_-_drugood_radar.pdf> <./images//gess_-_qmof_radar.pdf> <.
/images//ocp_open_catalyst_project_radar.pdf>] [14 <./images//jet_classificatio
n_radar.pdf> <./images//irregular_sensor_data_compression_radar.pdf> <./images/
/mlperf_hpc_-_cosmoflow_radar.pdf> <./images//mlperf_hpc_-_deepcam_radar.pdf>] 
[15 <./images//mlperf_hpc_-_open_catalyst_project_dimenet__radar.pdf> <./images
//mlperf_hpc_-_openfold_radar.pdf> <./images//hdr_ml_anomaly_challenge_-_gravit
ational_waves_radar.pdf>] [16 <./images//supercond_-_property_prediction_radar.
pdf> <./images//supercond_-__inverse_crystal_structure_generation_radar.pdf> <.
/images//baisbench_biological_ai_scientist_benchmark_-_question_answering_radar
.pdf>] [17 <./images//baisbench_biological_ai_scientist_benchmark_-_cell_type_a
nnotation_radar.pdf> <./images//the_well_radar.pdf> <./images//mmlu_massive_mul
titask_language_understanding_radar.pdf> <./images//satimgnet_radar.pdf> <./ima
ges//gpqa_diamond_radar.pdf>] [18 <./images//prmk_radar.pdf> <./images//feabenc
h_finite_element_analysis_benchmark_evaluating_language_models_on_multiphysics_
reasoning_ability_radar.pdf> <./images//neural_architecture_codesign_for_fast_p
hysics_applications_radar.pdf>] [19 <./images//delta_squared-dft_radar.pdf> <./
images//hdr_ml_anomaly_challenge_-_sea_level_rise_radar.pdf> <./images//vocal_c
all_locator_vcl_radar.pdf>] [20 <./images//massspecgym_-_de_novo_molecule_gener
ation_radar.pdf> <./images//massspecgym_-_molecule_retrieval_radar.pdf> <./imag
es//massspecgym_-_spectrum_simulation_radar.pdf>] [21 <./images//spiqa_scientif
ic_paper_image_question_answering_radar.pdf> <./images//gpqa_a_graduate-level_g
oogle-proof_question_and_answer_benchmark_radar.pdf> <./images//medqa_radar.pdf
> <./images//single_qubit_readout_on_qick_system_radar.pdf>] [22 <./images//cfd
bench_fluid_dynamics_radar.pdf> <./images//curie_scientific_long-context_unders
tanding_reasoning_and_information_extraction_radar.pdf> <./images//smart_pixels
_for_lhc_radar.pdf>] [23 <./images//lhc_new_physics_dataset_radar.pdf> <./image
s//quantum_computing_benchmarks_qml_radar.pdf> <./images//ultrafast_jet_classif
ication_at_the_hl-lhc_radar.pdf>] [24 <./images//hedm_braggnn_radar.pdf> <./ima
ges//d-stem_radar.pdf> <./images//beam_control_radar.pdf>] [25 <./images//intel
ligent_experiments_through_real-time_ai_radar.pdf> <./images//hdr_ml_anomaly_ch
allenge_-_butterfly_radar.pdf> <./images//dune_radar.pdf>] [26 <./images//front
iermath_radar.pdf> <./images//aime_american_invitational_mathematics_examinatio
n_radar.pdf> <./images//quench_detection_radar.pdf> <./images//materials_projec
t_radar.pdf>] [27 <./images//in-situ_high-speed_computer_vision_radar.pdf>]) (.
/radar_grid.tex
<images/mmlu_massive_multitask_language_understanding_radar.pdf, id=2978, 449.0
3008pt x 418.81903pt>
File: images/mmlu_massive_multitask_language_understanding_radar.pdf Graphic fi
le (type pdf)
<use images/mmlu_massive_multitask_language_understanding_radar.pdf>
Package pdftex.def Info: images/mmlu_massive_multitask_language_understanding_r
adar.pdf  used on input line 4.
(pdftex.def)             Requested size: 89.2546pt x 83.24467pt.
<images/climatelearn_-_weather_forcasting_radar.pdf, id=2979, 449.03008pt x 418
.81903pt>
File: images/climatelearn_-_weather_forcasting_radar.pdf Graphic file (type pdf
)
<use images/climatelearn_-_weather_forcasting_radar.pdf>
Package pdftex.def Info: images/climatelearn_-_weather_forcasting_radar.pdf  us
ed on input line 5.
(pdftex.def)             Requested size: 89.2546pt x 83.24467pt.
<images/climatelearn_-_downscaling_radar.pdf, id=2980, 449.03008pt x 396.33504p
t>
File: images/climatelearn_-_downscaling_radar.pdf Graphic file (type pdf)
<use images/climatelearn_-_downscaling_radar.pdf>
Package pdftex.def Info: images/climatelearn_-_downscaling_radar.pdf  used on i
nput line 6.
(pdftex.def)             Requested size: 89.2546pt x 78.77574pt.
<images/climatelearn_-_climate_projection_radar.pdf, id=2981, 449.03008pt x 418
.81903pt>
File: images/climatelearn_-_climate_projection_radar.pdf Graphic file (type pdf
)
<use images/climatelearn_-_climate_projection_radar.pdf>
Package pdftex.def Info: images/climatelearn_-_climate_projection_radar.pdf  us
ed on input line 7.
(pdftex.def)             Requested size: 89.2546pt x 83.24467pt.
<images/cfdbench_fluid_dynamics_radar.pdf, id=2982, 449.03008pt x 396.33504pt>
File: images/cfdbench_fluid_dynamics_radar.pdf Graphic file (type pdf)
<use images/cfdbench_fluid_dynamics_radar.pdf>
Package pdftex.def Info: images/cfdbench_fluid_dynamics_radar.pdf  used on inpu
t line 8.
(pdftex.def)             Requested size: 89.2546pt x 78.77574pt.
<images/satimgnet_radar.pdf, id=2983, 449.03008pt x 396.33504pt>
File: images/satimgnet_radar.pdf Graphic file (type pdf)
<use images/satimgnet_radar.pdf>
Package pdftex.def Info: images/satimgnet_radar.pdf  used on input line 10.
(pdftex.def)             Requested size: 89.2546pt x 78.77574pt.
<images/quantum_computing_benchmarks_qml_radar.pdf, id=2984, 449.03008pt x 418.
81903pt>
File: images/quantum_computing_benchmarks_qml_radar.pdf Graphic file (type pdf)

<use images/quantum_computing_benchmarks_qml_radar.pdf>
Package pdftex.def Info: images/quantum_computing_benchmarks_qml_radar.pdf  use
d on input line 11.
(pdftex.def)             Requested size: 89.2546pt x 83.24467pt.
<images/ocp_open_catalyst_project_radar.pdf, id=2985, 449.03008pt x 396.33504pt
>
File: images/ocp_open_catalyst_project_radar.pdf Graphic file (type pdf)
<use images/ocp_open_catalyst_project_radar.pdf>
Package pdftex.def Info: images/ocp_open_catalyst_project_radar.pdf  used on in
put line 12.
(pdftex.def)             Requested size: 89.2546pt x 78.77574pt.
<images/medqa_radar.pdf, id=2986, 449.03008pt x 396.33504pt>
File: images/medqa_radar.pdf Graphic file (type pdf)
<use images/medqa_radar.pdf>
Package pdftex.def Info: images/medqa_radar.pdf  used on input line 13.
(pdftex.def)             Requested size: 89.2546pt x 78.77574pt.
<images/materials_project_radar.pdf, id=2987, 449.03008pt x 396.33504pt>
File: images/materials_project_radar.pdf Graphic file (type pdf)
<use images/materials_project_radar.pdf>
Package pdftex.def Info: images/materials_project_radar.pdf  used on input line
 14.
(pdftex.def)             Requested size: 89.2546pt x 78.77574pt.
<images/gpqa_diamond_radar.pdf, id=2988, 449.03008pt x 396.33504pt>
File: images/gpqa_diamond_radar.pdf Graphic file (type pdf)
<use images/gpqa_diamond_radar.pdf>
Package pdftex.def Info: images/gpqa_diamond_radar.pdf  used on input line 16.
(pdftex.def)             Requested size: 89.2546pt x 78.77574pt.
<images/arc-challenge_advanced_reasoning_challenge_radar.pdf, id=2989, 449.0300
8pt x 418.81903pt>
File: images/arc-challenge_advanced_reasoning_challenge_radar.pdf Graphic file 
(type pdf)
<use images/arc-challenge_advanced_reasoning_challenge_radar.pdf>
Package pdftex.def Info: images/arc-challenge_advanced_reasoning_challenge_rada
r.pdf  used on input line 17.
(pdftex.def)             Requested size: 89.2546pt x 83.24467pt.
<images/frontiermath_radar.pdf, id=2990, 449.03008pt x 396.33504pt>
File: images/frontiermath_radar.pdf Graphic file (type pdf)
<use images/frontiermath_radar.pdf>
Package pdftex.def Info: images/frontiermath_radar.pdf  used on input line 18.
(pdftex.def)             Requested size: 89.2546pt x 78.77574pt.
<images/scicode_radar.pdf, id=2991, 449.03008pt x 396.33504pt>
File: images/scicode_radar.pdf Graphic file (type pdf)
<use images/scicode_radar.pdf>
Package pdftex.def Info: images/scicode_radar.pdf  used on input line 19.
(pdftex.def)             Requested size: 89.2546pt x 78.77574pt.
<images/aime_american_invitational_mathematics_examination_radar.pdf, id=2992, 
449.03008pt x 418.81903pt>
File: images/aime_american_invitational_mathematics_examination_radar.pdf Graph
ic file (type pdf)
<use images/aime_american_invitational_mathematics_examination_radar.pdf>
Package pdftex.def Info: images/aime_american_invitational_mathematics_examinat
ion_radar.pdf  used on input line 20.
(pdftex.def)             Requested size: 89.2546pt x 83.24467pt.
<images/prmk_radar.pdf, id=2993, 449.03008pt x 396.33504pt>
File: images/prmk_radar.pdf Graphic file (type pdf)
<use images/prmk_radar.pdf>
Package pdftex.def Info: images/prmk_radar.pdf  used on input line 22.
(pdftex.def)             Requested size: 89.2546pt x 78.77574pt.
<images/curie_scientific_long-context_understanding_reasoning_and_information_e
xtraction_radar.pdf, id=2994, 449.03008pt x 441.30302pt>
File: images/curie_scientific_long-context_understanding_reasoning_and_informat
ion_extraction_radar.pdf Graphic file (type pdf)
<use images/curie_scientific_long-context_understanding_reasoning_and_informati
on_extraction_radar.pdf>
Package pdftex.def Info: images/curie_scientific_long-context_understanding_rea
soning_and_information_extraction_radar.pdf  used on input line 23.
(pdftex.def)             Requested size: 89.2546pt x 87.71361pt.
<images/feabench_finite_element_analysis_benchmark_evaluating_language_models_o
n_multiphysics_reasoning_ability_radar.pdf, id=2995, 449.03008pt x 463.78702pt>

File: images/feabench_finite_element_analysis_benchmark_evaluating_language_mod
els_on_multiphysics_reasoning_ability_radar.pdf Graphic file (type pdf)
<use images/feabench_finite_element_analysis_benchmark_evaluating_language_mode
ls_on_multiphysics_reasoning_ability_radar.pdf>
Package pdftex.def Info: images/feabench_finite_element_analysis_benchmark_eval
uating_language_models_on_multiphysics_reasoning_ability_radar.pdf  used on inp
ut line 24.
(pdftex.def)             Requested size: 89.2546pt x 92.18253pt.
<images/spiqa_scientific_paper_image_question_answering_radar.pdf, id=2996, 449
.03008pt x 418.81903pt>
File: images/spiqa_scientific_paper_image_question_answering_radar.pdf Graphic 
file (type pdf)
<use images/spiqa_scientific_paper_image_question_answering_radar.pdf>
Package pdftex.def Info: images/spiqa_scientific_paper_image_question_answering
_radar.pdf  used on input line 25.
(pdftex.def)             Requested size: 89.2546pt x 83.24467pt.
<images/baisbench_biological_ai_scientist_benchmark_-_question_answering_radar.
pdf, id=2997, 449.03008pt x 441.30302pt>
File: images/baisbench_biological_ai_scientist_benchmark_-_question_answering_r
adar.pdf Graphic file (type pdf)
<use images/baisbench_biological_ai_scientist_benchmark_-_question_answering_ra
dar.pdf>
Package pdftex.def Info: images/baisbench_biological_ai_scientist_benchmark_-_q
uestion_answering_radar.pdf  used on input line 26.
(pdftex.def)             Requested size: 89.2546pt x 87.71361pt.
<images/baisbench_biological_ai_scientist_benchmark_-_cell_type_annotation_rada
r.pdf, id=2998, 449.03008pt x 441.30302pt>
File: images/baisbench_biological_ai_scientist_benchmark_-_cell_type_annotation
_radar.pdf Graphic file (type pdf)
<use images/baisbench_biological_ai_scientist_benchmark_-_cell_type_annotation_
radar.pdf>
Package pdftex.def Info: images/baisbench_biological_ai_scientist_benchmark_-_c
ell_type_annotation_radar.pdf  used on input line 28.
(pdftex.def)             Requested size: 89.2546pt x 87.71361pt.
<images/molgen_radar.pdf, id=2999, 449.03008pt x 396.33504pt>
File: images/molgen_radar.pdf Graphic file (type pdf)
<use images/molgen_radar.pdf>
Package pdftex.def Info: images/molgen_radar.pdf  used on input line 29.
(pdftex.def)             Requested size: 89.2546pt x 78.77574pt.
<images/open_graph_benchmark_ogb_-_biology_radar.pdf, id=3000, 449.03008pt x 41
8.81903pt>
File: images/open_graph_benchmark_ogb_-_biology_radar.pdf Graphic file (type pd
f)
<use images/open_graph_benchmark_ogb_-_biology_radar.pdf>
Package pdftex.def Info: images/open_graph_benchmark_ogb_-_biology_radar.pdf  u
sed on input line 30.
(pdftex.def)             Requested size: 89.2546pt x 83.24467pt.
<images/jet_classification_radar.pdf, id=3001, 449.03008pt x 396.33504pt>
File: images/jet_classification_radar.pdf Graphic file (type pdf)
<use images/jet_classification_radar.pdf>
Package pdftex.def Info: images/jet_classification_radar.pdf  used on input lin
e 31.
(pdftex.def)             Requested size: 89.2546pt x 78.77574pt.
<images/irregular_sensor_data_compression_radar.pdf, id=3002, 449.03008pt x 418
.81903pt>
File: images/irregular_sensor_data_compression_radar.pdf Graphic file (type pdf
)
<use images/irregular_sensor_data_compression_radar.pdf>
Package pdftex.def Info: images/irregular_sensor_data_compression_radar.pdf  us
ed on input line 32.
(pdftex.def)             Requested size: 89.2546pt x 83.24467pt.
[28


 <./images/mmlu_massive_multitask_language_understanding_radar.pdf> <./images/c
limatelearn_-_weather_forcasting_radar.pdf> <./images/climatelearn_-_downscalin
g_radar.pdf> <./images/climatelearn_-_climate_projection_radar.pdf> <./images/c
fdbench_fluid_dynamics_radar.pdf> <./images/satimgnet_radar.pdf> <./images/quan
tum_computing_benchmarks_qml_radar.pdf> <./images/ocp_open_catalyst_project_rad
ar.pdf> <./images/medqa_radar.pdf> <./images/materials_project_radar.pdf> <./im
ages/gpqa_diamond_radar.pdf> <./images/arc-challenge_advanced_reasoning_challen
ge_radar.pdf> <./images/frontiermath_radar.pdf> <./images/scicode_radar.pdf> <.
/images/aime_american_invitational_mathematics_examination_radar.pdf> <./images
/prmk_radar.pdf> <./images/curie_scientific_long-context_understanding_reasonin
g_and_information_extraction_radar.pdf> <./images/feabench_finite_element_analy
sis_benchmark_evaluating_language_models_on_multiphysics_reasoning_ability_rada
r.pdf> <./images/spiqa_scientific_paper_image_question_answering_radar.pdf> <./
images/baisbench_biological_ai_scientist_benchmark_-_question_answering_radar.p
df> <./images/baisbench_biological_ai_scientist_benchmark_-_cell_type_annotatio
n_radar.pdf> <./images/molgen_radar.pdf> <./images/open_graph_benchmark_ogb_-_b
iology_radar.pdf> <./images/jet_classification_radar.pdf> <./images/irregular_s
ensor_data_compression_radar.pdf>]
<images/beam_control_radar.pdf, id=3756, 449.03008pt x 396.33504pt>
File: images/beam_control_radar.pdf Graphic file (type pdf)
<use images/beam_control_radar.pdf>
Package pdftex.def Info: images/beam_control_radar.pdf  used on input line 42.
(pdftex.def)             Requested size: 89.2546pt x 78.77574pt.
<images/ultrafast_jet_classification_at_the_hl-lhc_radar.pdf, id=3757, 449.0300
8pt x 418.81903pt>
File: images/ultrafast_jet_classification_at_the_hl-lhc_radar.pdf Graphic file 
(type pdf)
<use images/ultrafast_jet_classification_at_the_hl-lhc_radar.pdf>
Package pdftex.def Info: images/ultrafast_jet_classification_at_the_hl-lhc_rada
r.pdf  used on input line 43.
(pdftex.def)             Requested size: 89.2546pt x 83.24467pt.
<images/quench_detection_radar.pdf, id=3758, 449.03008pt x 396.33504pt>
File: images/quench_detection_radar.pdf Graphic file (type pdf)
<use images/quench_detection_radar.pdf>
Package pdftex.def Info: images/quench_detection_radar.pdf  used on input line 
44.
(pdftex.def)             Requested size: 89.2546pt x 78.77574pt.
<images/intelligent_experiments_through_real-time_ai_radar.pdf, id=3759, 449.03
008pt x 418.81903pt>
File: images/intelligent_experiments_through_real-time_ai_radar.pdf Graphic fil
e (type pdf)
<use images/intelligent_experiments_through_real-time_ai_radar.pdf>
Package pdftex.def Info: images/intelligent_experiments_through_real-time_ai_ra
dar.pdf  used on input line 45.
(pdftex.def)             Requested size: 89.2546pt x 83.24467pt.
<images/neural_architecture_codesign_for_fast_physics_applications_radar.pdf, i
d=3760, 449.03008pt x 418.81903pt>
File: images/neural_architecture_codesign_for_fast_physics_applications_radar.p
df Graphic file (type pdf)
<use images/neural_architecture_codesign_for_fast_physics_applications_radar.pd
f>
Package pdftex.def Info: images/neural_architecture_codesign_for_fast_physics_a
pplications_radar.pdf  used on input line 46.
(pdftex.def)             Requested size: 89.2546pt x 83.24467pt.
<images/smart_pixels_for_lhc_radar.pdf, id=3761, 449.03008pt x 396.33504pt>
File: images/smart_pixels_for_lhc_radar.pdf Graphic file (type pdf)
<use images/smart_pixels_for_lhc_radar.pdf>
Package pdftex.def Info: images/smart_pixels_for_lhc_radar.pdf  used on input l
ine 48.
(pdftex.def)             Requested size: 89.2546pt x 78.77574pt.
<images/hedm_braggnn_radar.pdf, id=3762, 449.03008pt x 396.33504pt>
File: images/hedm_braggnn_radar.pdf Graphic file (type pdf)
<use images/hedm_braggnn_radar.pdf>
Package pdftex.def Info: images/hedm_braggnn_radar.pdf  used on input line 49.
(pdftex.def)             Requested size: 89.2546pt x 78.77574pt.
<images/d-stem_radar.pdf, id=3763, 449.03008pt x 396.33504pt>
File: images/d-stem_radar.pdf Graphic file (type pdf)
<use images/d-stem_radar.pdf>
Package pdftex.def Info: images/d-stem_radar.pdf  used on input line 50.
(pdftex.def)             Requested size: 89.2546pt x 78.77574pt.
<images/in-situ_high-speed_computer_vision_radar.pdf, id=3764, 449.03008pt x 41
8.81903pt>
File: images/in-situ_high-speed_computer_vision_radar.pdf Graphic file (type pd
f)
<use images/in-situ_high-speed_computer_vision_radar.pdf>
Package pdftex.def Info: images/in-situ_high-speed_computer_vision_radar.pdf  u
sed on input line 51.
(pdftex.def)             Requested size: 89.2546pt x 83.24467pt.
<images/mlperf_hpc_-_cosmoflow_radar.pdf, id=3765, 449.03008pt x 396.33504pt>
File: images/mlperf_hpc_-_cosmoflow_radar.pdf Graphic file (type pdf)
<use images/mlperf_hpc_-_cosmoflow_radar.pdf>
Package pdftex.def Info: images/mlperf_hpc_-_cosmoflow_radar.pdf  used on input
 line 52.
(pdftex.def)             Requested size: 89.2546pt x 78.77574pt.
<images/mlperf_hpc_-_deepcam_radar.pdf, id=3766, 449.03008pt x 396.33504pt>
File: images/mlperf_hpc_-_deepcam_radar.pdf Graphic file (type pdf)
<use images/mlperf_hpc_-_deepcam_radar.pdf>
Package pdftex.def Info: images/mlperf_hpc_-_deepcam_radar.pdf  used on input l
ine 54.
(pdftex.def)             Requested size: 89.2546pt x 78.77574pt.
<images/mlperf_hpc_-_open_catalyst_project_dimenet__radar.pdf, id=3767, 449.030
08pt x 418.81903pt>
File: images/mlperf_hpc_-_open_catalyst_project_dimenet__radar.pdf Graphic file
 (type pdf)
<use images/mlperf_hpc_-_open_catalyst_project_dimenet__radar.pdf>
Package pdftex.def Info: images/mlperf_hpc_-_open_catalyst_project_dimenet__rad
ar.pdf  used on input line 55.
(pdftex.def)             Requested size: 89.2546pt x 83.24467pt.
<images/mlperf_hpc_-_openfold_radar.pdf, id=3768, 449.03008pt x 396.33504pt>
File: images/mlperf_hpc_-_openfold_radar.pdf Graphic file (type pdf)
<use images/mlperf_hpc_-_openfold_radar.pdf>
Package pdftex.def Info: images/mlperf_hpc_-_openfold_radar.pdf  used on input 
line 56.
(pdftex.def)             Requested size: 89.2546pt x 78.77574pt.
<images/mlcommons_science_-_cloudmask_radar.pdf, id=3769, 449.03008pt x 396.335
04pt>
File: images/mlcommons_science_-_cloudmask_radar.pdf Graphic file (type pdf)
<use images/mlcommons_science_-_cloudmask_radar.pdf>
Package pdftex.def Info: images/mlcommons_science_-_cloudmask_radar.pdf  used o
n input line 57.
(pdftex.def)             Requested size: 89.2546pt x 78.77574pt.
<images/mlcommons_science_-_earthquake_radar.pdf, id=3770, 449.03008pt x 396.33
504pt>
File: images/mlcommons_science_-_earthquake_radar.pdf Graphic file (type pdf)
<use images/mlcommons_science_-_earthquake_radar.pdf>
Package pdftex.def Info: images/mlcommons_science_-_earthquake_radar.pdf  used 
on input line 58.
(pdftex.def)             Requested size: 89.2546pt x 78.77574pt.
<images/mlcommons_science_-_candle_uno_radar.pdf, id=3771, 449.03008pt x 396.33
504pt>
File: images/mlcommons_science_-_candle_uno_radar.pdf Graphic file (type pdf)
<use images/mlcommons_science_-_candle_uno_radar.pdf>
Package pdftex.def Info: images/mlcommons_science_-_candle_uno_radar.pdf  used 
on input line 60.
(pdftex.def)             Requested size: 89.2546pt x 78.77574pt.
<images/mlcommons_science_-_stemdl_radar.pdf, id=3772, 449.03008pt x 396.33504p
t>
File: images/mlcommons_science_-_stemdl_radar.pdf Graphic file (type pdf)
<use images/mlcommons_science_-_stemdl_radar.pdf>
Package pdftex.def Info: images/mlcommons_science_-_stemdl_radar.pdf  used on i
nput line 61.
(pdftex.def)             Requested size: 89.2546pt x 78.77574pt.
<images/lhc_new_physics_dataset_radar.pdf, id=3773, 449.03008pt x 396.33504pt>
File: images/lhc_new_physics_dataset_radar.pdf Graphic file (type pdf)
<use images/lhc_new_physics_dataset_radar.pdf>
Package pdftex.def Info: images/lhc_new_physics_dataset_radar.pdf  used on inpu
t line 62.
(pdftex.def)             Requested size: 89.2546pt x 78.77574pt.
<images/mlcommons_medical_ai_-_pancreas_segmentation_dfci_radar.pdf, id=3774, 4
49.03008pt x 418.81903pt>
File: images/mlcommons_medical_ai_-_pancreas_segmentation_dfci_radar.pdf Graphi
c file (type pdf)
<use images/mlcommons_medical_ai_-_pancreas_segmentation_dfci_radar.pdf>
Package pdftex.def Info: images/mlcommons_medical_ai_-_pancreas_segmentation_df
ci_radar.pdf  used on input line 63.
(pdftex.def)             Requested size: 89.2546pt x 83.24467pt.
<images/mlcommons_medical_ai_-_brain_tumor_segmentation_brats_radar.pdf, id=377
5, 449.03008pt x 418.81903pt>
File: images/mlcommons_medical_ai_-_brain_tumor_segmentation_brats_radar.pdf Gr
aphic file (type pdf)
<use images/mlcommons_medical_ai_-_brain_tumor_segmentation_brats_radar.pdf>
Package pdftex.def Info: images/mlcommons_medical_ai_-_brain_tumor_segmentation
_brats_radar.pdf  used on input line 64.
(pdftex.def)             Requested size: 89.2546pt x 83.24467pt.
<images/mlcommons_medical_ai_-__surgical_workflow_phase_recognition_surgmlcube_
radar.pdf, id=3776, 449.03008pt x 441.30302pt>
File: images/mlcommons_medical_ai_-__surgical_workflow_phase_recognition_surgml
cube_radar.pdf Graphic file (type pdf)
<use images/mlcommons_medical_ai_-__surgical_workflow_phase_recognition_surgmlc
ube_radar.pdf>
Package pdftex.def Info: images/mlcommons_medical_ai_-__surgical_workflow_phase
_recognition_surgmlcube_radar.pdf  used on input line 66.
(pdftex.def)             Requested size: 89.2546pt x 87.71361pt.
<images/calochallenge__radar.pdf, id=3777, 449.03008pt x 396.33504pt>
File: images/calochallenge__radar.pdf Graphic file (type pdf)
<use images/calochallenge__radar.pdf>
Package pdftex.def Info: images/calochallenge__radar.pdf  used on input line 67
.
(pdftex.def)             Requested size: 89.2546pt x 78.77574pt.
<images/pdebench_radar.pdf, id=3778, 449.03008pt x 396.33504pt>
File: images/pdebench_radar.pdf Graphic file (type pdf)
<use images/pdebench_radar.pdf>
Package pdftex.def Info: images/pdebench_radar.pdf  used on input line 68.
(pdftex.def)             Requested size: 89.2546pt x 78.77574pt.
<images/delta_squared-dft_radar.pdf, id=3779, 449.03008pt x 396.33504pt>
File: images/delta_squared-dft_radar.pdf Graphic file (type pdf)
<use images/delta_squared-dft_radar.pdf>
Package pdftex.def Info: images/delta_squared-dft_radar.pdf  used on input line
 69.
(pdftex.def)             Requested size: 89.2546pt x 78.77574pt.
<images/urban_data_layer_udl_-_pm_concentration_prediction_radar.pdf, id=3780, 
449.03008pt x 418.81903pt>
File: images/urban_data_layer_udl_-_pm_concentration_prediction_radar.pdf Graph
ic file (type pdf)
<use images/urban_data_layer_udl_-_pm_concentration_prediction_radar.pdf>
Package pdftex.def Info: images/urban_data_layer_udl_-_pm_concentration_predict
ion_radar.pdf  used on input line 70.
(pdftex.def)             Requested size: 89.2546pt x 83.24467pt.
[29

 <./images/beam_control_radar.pdf> <./images/ultrafast_jet_classification_at_th
e_hl-lhc_radar.pdf> <./images/quench_detection_radar.pdf> <./images/intelligent
_experiments_through_real-time_ai_radar.pdf> <./images/neural_architecture_code
sign_for_fast_physics_applications_radar.pdf> <./images/smart_pixels_for_lhc_ra
dar.pdf> <./images/hedm_braggnn_radar.pdf> <./images/d-stem_radar.pdf> <./image
s/in-situ_high-speed_computer_vision_radar.pdf> <./images/mlperf_hpc_-_cosmoflo
w_radar.pdf> <./images/mlperf_hpc_-_deepcam_radar.pdf> <./images/mlperf_hpc_-_o
pen_catalyst_project_dimenet__radar.pdf> <./images/mlperf_hpc_-_openfold_radar.
pdf> <./images/mlcommons_science_-_cloudmask_radar.pdf> <./images/mlcommons_sci
ence_-_earthquake_radar.pdf> <./images/mlcommons_science_-_candle_uno_radar.pdf
> <./images/mlcommons_science_-_stemdl_radar.pdf> <./images/lhc_new_physics_dat
aset_radar.pdf> <./images/mlcommons_medical_ai_-_pancreas_segmentation_dfci_rad
ar.pdf> <./images/mlcommons_medical_ai_-_brain_tumor_segmentation_brats_radar.p
df> <./images/mlcommons_medical_ai_-__surgical_workflow_phase_recognition_surgm
lcube_radar.pdf> <./images/calochallenge__radar.pdf> <./images/pdebench_radar.p
df> <./images/delta_squared-dft_radar.pdf> <./images/urban_data_layer_udl_-_pm_
concentration_prediction_radar.pdf>]
<images/urban_data_layer_udl_-_built-up_area_classification_radar.pdf, id=4560,
 449.03008pt x 418.81903pt>
File: images/urban_data_layer_udl_-_built-up_area_classification_radar.pdf Grap
hic file (type pdf)
<use images/urban_data_layer_udl_-_built-up_area_classification_radar.pdf>
Package pdftex.def Info: images/urban_data_layer_udl_-_built-up_area_classifica
tion_radar.pdf  used on input line 80.
(pdftex.def)             Requested size: 89.2546pt x 83.24467pt.
<images/urban_data_layer_udl_-_administrative_boundaries_identification_radar.p
df, id=4561, 449.03008pt x 441.30302pt>
File: images/urban_data_layer_udl_-_administrative_boundaries_identification_ra
dar.pdf Graphic file (type pdf)
<use images/urban_data_layer_udl_-_administrative_boundaries_identification_rad
ar.pdf>
Package pdftex.def Info: images/urban_data_layer_udl_-_administrative_boundarie
s_identification_radar.pdf  used on input line 81.
(pdftex.def)             Requested size: 89.2546pt x 87.71361pt.
<images/urban_data_layer_udl_-_el_nino_anomaly_detection_radar.pdf, id=4562, 44
9.03008pt x 418.81903pt>
File: images/urban_data_layer_udl_-_el_nino_anomaly_detection_radar.pdf Graphic
 file (type pdf)
<use images/urban_data_layer_udl_-_el_nino_anomaly_detection_radar.pdf>
Package pdftex.def Info: images/urban_data_layer_udl_-_el_nino_anomaly_detectio
n_radar.pdf  used on input line 82.
(pdftex.def)             Requested size: 89.2546pt x 83.24467pt.
<images/llms_for_crop_science_radar.pdf, id=4563, 449.03008pt x 396.33504pt>
File: images/llms_for_crop_science_radar.pdf Graphic file (type pdf)
<use images/llms_for_crop_science_radar.pdf>
Package pdftex.def Info: images/llms_for_crop_science_radar.pdf  used on input 
line 83.
(pdftex.def)             Requested size: 89.2546pt x 78.77574pt.
<images/dune_radar.pdf, id=4564, 449.03008pt x 396.33504pt>
File: images/dune_radar.pdf Graphic file (type pdf)
<use images/dune_radar.pdf>
Package pdftex.def Info: images/dune_radar.pdf  used on input line 84.
(pdftex.def)             Requested size: 89.2546pt x 78.77574pt.
<images/massspecgym_-_de_novo_molecule_generation_radar.pdf, id=4565, 449.03008
pt x 418.81903pt>
File: images/massspecgym_-_de_novo_molecule_generation_radar.pdf Graphic file (
type pdf)
<use images/massspecgym_-_de_novo_molecule_generation_radar.pdf>
Package pdftex.def Info: images/massspecgym_-_de_novo_molecule_generation_radar
.pdf  used on input line 86.
(pdftex.def)             Requested size: 89.2546pt x 83.24467pt.
<images/massspecgym_-_molecule_retrieval_radar.pdf, id=4566, 449.03008pt x 418.
81903pt>
File: images/massspecgym_-_molecule_retrieval_radar.pdf Graphic file (type pdf)

<use images/massspecgym_-_molecule_retrieval_radar.pdf>
Package pdftex.def Info: images/massspecgym_-_molecule_retrieval_radar.pdf  use
d on input line 87.
(pdftex.def)             Requested size: 89.2546pt x 83.24467pt.
<images/massspecgym_-_spectrum_simulation_radar.pdf, id=4567, 449.03008pt x 418
.81903pt>
File: images/massspecgym_-_spectrum_simulation_radar.pdf Graphic file (type pdf
)
<use images/massspecgym_-_spectrum_simulation_radar.pdf>
Package pdftex.def Info: images/massspecgym_-_spectrum_simulation_radar.pdf  us
ed on input line 88.
(pdftex.def)             Requested size: 89.2546pt x 83.24467pt.
<images/hdr_ml_anomaly_challenge_-_gravitational_waves_radar.pdf, id=4568, 449.
03008pt x 418.81903pt>
File: images/hdr_ml_anomaly_challenge_-_gravitational_waves_radar.pdf Graphic f
ile (type pdf)
<use images/hdr_ml_anomaly_challenge_-_gravitational_waves_radar.pdf>
Package pdftex.def Info: images/hdr_ml_anomaly_challenge_-_gravitational_waves_
radar.pdf  used on input line 89.
(pdftex.def)             Requested size: 89.2546pt x 83.24467pt.
<images/hdr_ml_anomaly_challenge_-_butterfly_radar.pdf, id=4569, 449.03008pt x 
418.81903pt>
File: images/hdr_ml_anomaly_challenge_-_butterfly_radar.pdf Graphic file (type 
pdf)
<use images/hdr_ml_anomaly_challenge_-_butterfly_radar.pdf>
Package pdftex.def Info: images/hdr_ml_anomaly_challenge_-_butterfly_radar.pdf 
 used on input line 90.
(pdftex.def)             Requested size: 89.2546pt x 83.24467pt.
<images/hdr_ml_anomaly_challenge_-_sea_level_rise_radar.pdf, id=4570, 449.03008
pt x 418.81903pt>
File: images/hdr_ml_anomaly_challenge_-_sea_level_rise_radar.pdf Graphic file (
type pdf)
<use images/hdr_ml_anomaly_challenge_-_sea_level_rise_radar.pdf>
Package pdftex.def Info: images/hdr_ml_anomaly_challenge_-_sea_level_rise_radar
.pdf  used on input line 92.
(pdftex.def)             Requested size: 89.2546pt x 83.24467pt.
<images/single_qubit_readout_on_qick_system_radar.pdf, id=4571, 449.03008pt x 4
18.81903pt>
File: images/single_qubit_readout_on_qick_system_radar.pdf Graphic file (type p
df)
<use images/single_qubit_readout_on_qick_system_radar.pdf>
Package pdftex.def Info: images/single_qubit_readout_on_qick_system_radar.pdf  
used on input line 93.
(pdftex.def)             Requested size: 89.2546pt x 83.24467pt.
<images/gpqa_a_graduate-level_google-proof_question_and_answer_benchmark_radar.
pdf, id=4572, 449.03008pt x 441.30302pt>
File: images/gpqa_a_graduate-level_google-proof_question_and_answer_benchmark_r
adar.pdf Graphic file (type pdf)
<use images/gpqa_a_graduate-level_google-proof_question_and_answer_benchmark_ra
dar.pdf>
Package pdftex.def Info: images/gpqa_a_graduate-level_google-proof_question_and
_answer_benchmark_radar.pdf  used on input line 94.
(pdftex.def)             Requested size: 89.2546pt x 87.71361pt.
<images/seafloorai_radar.pdf, id=4573, 449.03008pt x 396.33504pt>
File: images/seafloorai_radar.pdf Graphic file (type pdf)
<use images/seafloorai_radar.pdf>
Package pdftex.def Info: images/seafloorai_radar.pdf  used on input line 95.
(pdftex.def)             Requested size: 89.2546pt x 78.77574pt.
<images/seafloorgenai_radar.pdf, id=4574, 449.03008pt x 396.33504pt>
File: images/seafloorgenai_radar.pdf Graphic file (type pdf)
<use images/seafloorgenai_radar.pdf>
Package pdftex.def Info: images/seafloorgenai_radar.pdf  used on input line 96.

(pdftex.def)             Requested size: 89.2546pt x 78.77574pt.
<images/supercond_-_property_prediction_radar.pdf, id=4575, 449.03008pt x 418.8
1903pt>
File: images/supercond_-_property_prediction_radar.pdf Graphic file (type pdf)
<use images/supercond_-_property_prediction_radar.pdf>
Package pdftex.def Info: images/supercond_-_property_prediction_radar.pdf  used
 on input line 98.
(pdftex.def)             Requested size: 89.2546pt x 83.24467pt.
<images/supercond_-__inverse_crystal_structure_generation_radar.pdf, id=4576, 4
49.03008pt x 418.81903pt>
File: images/supercond_-__inverse_crystal_structure_generation_radar.pdf Graphi
c file (type pdf)
<use images/supercond_-__inverse_crystal_structure_generation_radar.pdf>
Package pdftex.def Info: images/supercond_-__inverse_crystal_structure_generati
on_radar.pdf  used on input line 99.
(pdftex.def)             Requested size: 89.2546pt x 83.24467pt.
<images/gess_-_track_pileup_radar.pdf, id=4577, 449.03008pt x 396.33504pt>
File: images/gess_-_track_pileup_radar.pdf Graphic file (type pdf)
<use images/gess_-_track_pileup_radar.pdf>
Package pdftex.def Info: images/gess_-_track_pileup_radar.pdf  used on input li
ne 100.
(pdftex.def)             Requested size: 89.2546pt x 78.77574pt.
<images/gess_-_track_signal_radar.pdf, id=4578, 449.03008pt x 396.33504pt>
File: images/gess_-_track_signal_radar.pdf Graphic file (type pdf)
<use images/gess_-_track_signal_radar.pdf>
Package pdftex.def Info: images/gess_-_track_signal_radar.pdf  used on input li
ne 101.
(pdftex.def)             Requested size: 89.2546pt x 78.77574pt.
<images/gess_-_drugood_radar.pdf, id=4579, 449.03008pt x 396.33504pt>
File: images/gess_-_drugood_radar.pdf Graphic file (type pdf)
<use images/gess_-_drugood_radar.pdf>
Package pdftex.def Info: images/gess_-_drugood_radar.pdf  used on input line 10
2.
(pdftex.def)             Requested size: 89.2546pt x 78.77574pt.
<images/gess_-_qmof_radar.pdf, id=4580, 449.03008pt x 396.33504pt>
File: images/gess_-_qmof_radar.pdf Graphic file (type pdf)
<use images/gess_-_qmof_radar.pdf>
Package pdftex.def Info: images/gess_-_qmof_radar.pdf  used on input line 104.
(pdftex.def)             Requested size: 89.2546pt x 78.77574pt.
<images/vocal_call_locator_vcl_radar.pdf, id=4581, 449.03008pt x 396.33504pt>
File: images/vocal_call_locator_vcl_radar.pdf Graphic file (type pdf)
<use images/vocal_call_locator_vcl_radar.pdf>
Package pdftex.def Info: images/vocal_call_locator_vcl_radar.pdf  used on input
 line 105.
(pdftex.def)             Requested size: 89.2546pt x 78.77574pt.
<images/spiqa_llm_radar.pdf, id=4582, 449.03008pt x 396.33504pt>
File: images/spiqa_llm_radar.pdf Graphic file (type pdf)
<use images/spiqa_llm_radar.pdf>
Package pdftex.def Info: images/spiqa_llm_radar.pdf  used on input line 106.
(pdftex.def)             Requested size: 89.2546pt x 78.77574pt.
<images/the_well_radar.pdf, id=4583, 449.03008pt x 396.33504pt>
File: images/the_well_radar.pdf Graphic file (type pdf)
<use images/the_well_radar.pdf>
Package pdftex.def Info: images/the_well_radar.pdf  used on input line 107.
(pdftex.def)             Requested size: 89.2546pt x 78.77574pt.
) [30

 <./images/urban_data_layer_udl_-_built-up_area_classification_radar.pdf> <./im
ages/urban_data_layer_udl_-_administrative_boundaries_identification_radar.pdf>
 <./images/urban_data_layer_udl_-_el_nino_anomaly_detection_radar.pdf> <./image
s/llms_for_crop_science_radar.pdf> <./images/dune_radar.pdf> <./images/massspec
gym_-_de_novo_molecule_generation_radar.pdf> <./images/massspecgym_-_molecule_r
etrieval_radar.pdf> <./images/massspecgym_-_spectrum_simulation_radar.pdf> <./i
mages/hdr_ml_anomaly_challenge_-_gravitational_waves_radar.pdf> <./images/hdr_m
l_anomaly_challenge_-_butterfly_radar.pdf> <./images/hdr_ml_anomaly_challenge_-
_sea_level_rise_radar.pdf> <./images/single_qubit_readout_on_qick_system_radar.
pdf> <./images/gpqa_a_graduate-level_google-proof_question_and_answer_benchmark
_radar.pdf> <./images/seafloorai_radar.pdf> <./images/seafloorgenai_radar.pdf> 
<./images/supercond_-_property_prediction_radar.pdf> <./images/supercond_-__inv
erse_crystal_structure_generation_radar.pdf> <./images/gess_-_track_pileup_rada
r.pdf> <./images/gess_-_track_signal_radar.pdf> <./images/gess_-_drugood_radar.
pdf> <./images/gess_-_qmof_radar.pdf> <./images/vocal_call_locator_vcl_radar.pd
f> <./images/spiqa_llm_radar.pdf> <./images/the_well_radar.pdf>] (./section/cli
matelearn_-_weather_forcasting.tex
File: images//climatelearn_-_weather_forcasting_radar.pdf Graphic file (type pd
f)
<use images//climatelearn_-_weather_forcasting_radar.pdf>
Package pdftex.def Info: images//climatelearn_-_weather_forcasting_radar.pdf  u
sed on input line 74.
(pdftex.def)             Requested size: 93.94957pt x 87.62866pt.
[31

]) (./section/climatelearn_-_downscaling.tex
File: images//climatelearn_-_downscaling_radar.pdf Graphic file (type pdf)
<use images//climatelearn_-_downscaling_radar.pdf>
Package pdftex.def Info: images//climatelearn_-_downscaling_radar.pdf  used on 
input line 74.
(pdftex.def)             Requested size: 93.94957pt x 82.92438pt.
[32

]) (./section/climatelearn_-_climate_projection.tex
File: images//climatelearn_-_climate_projection_radar.pdf Graphic file (type pd
f)
<use images//climatelearn_-_climate_projection_radar.pdf>
Package pdftex.def Info: images//climatelearn_-_climate_projection_radar.pdf  u
sed on input line 74.
(pdftex.def)             Requested size: 93.94957pt x 87.62866pt.
[33

]) (./section/mlcommons_science_-_cloudmask.tex
File: images//mlcommons_science_-_cloudmask_radar.pdf Graphic file (type pdf)
<use images//mlcommons_science_-_cloudmask_radar.pdf>
Package pdftex.def Info: images//mlcommons_science_-_cloudmask_radar.pdf  used 
on input line 86.
(pdftex.def)             Requested size: 93.94957pt x 82.92438pt.
[34

]) (./section/mlcommons_science_-_earthquake.tex
File: images//mlcommons_science_-_earthquake_radar.pdf Graphic file (type pdf)
<use images//mlcommons_science_-_earthquake_radar.pdf>
Package pdftex.def Info: images//mlcommons_science_-_earthquake_radar.pdf  used
 on input line 86.
(pdftex.def)             Requested size: 93.94957pt x 82.92438pt.
[35

]) (./section/mlcommons_science_-_candle_uno.tex
File: images//mlcommons_science_-_candle_uno_radar.pdf Graphic file (type pdf)
<use images//mlcommons_science_-_candle_uno_radar.pdf>
Package pdftex.def Info: images//mlcommons_science_-_candle_uno_radar.pdf  used
 on input line 86.
(pdftex.def)             Requested size: 93.94957pt x 82.92438pt.
[36

]) (./section/mlcommons_science_-_stemdl.tex
File: images//mlcommons_science_-_stemdl_radar.pdf Graphic file (type pdf)
<use images//mlcommons_science_-_stemdl_radar.pdf>
Package pdftex.def Info: images//mlcommons_science_-_stemdl_radar.pdf  used on 
input line 86.
(pdftex.def)             Requested size: 93.94957pt x 82.92438pt.
[37

]) (./section/arc-challenge_advanced_reasoning_challenge.tex
File: images//arc-challenge_advanced_reasoning_challenge_radar.pdf Graphic file
 (type pdf)
<use images//arc-challenge_advanced_reasoning_challenge_radar.pdf>
Package pdftex.def Info: images//arc-challenge_advanced_reasoning_challenge_rad
ar.pdf  used on input line 75.
(pdftex.def)             Requested size: 93.94957pt x 87.62866pt.
[38

]) (./section/molgen.tex
File: images//molgen_radar.pdf Graphic file (type pdf)
<use images//molgen_radar.pdf>
Package pdftex.def Info: images//molgen_radar.pdf  used on input line 78.
(pdftex.def)             Requested size: 93.94957pt x 82.92438pt.
[39

]) (./section/open_graph_benchmark_ogb_-_biology.tex
File: images//open_graph_benchmark_ogb_-_biology_radar.pdf Graphic file (type p
df)
<use images//open_graph_benchmark_ogb_-_biology_radar.pdf>
Package pdftex.def Info: images//open_graph_benchmark_ogb_-_biology_radar.pdf  
used on input line 78.
(pdftex.def)             Requested size: 93.94957pt x 87.62866pt.
[40

]) (./section/llms_for_crop_science.tex
File: images//llms_for_crop_science_radar.pdf Graphic file (type pdf)
<use images//llms_for_crop_science_radar.pdf>
Package pdftex.def Info: images//llms_for_crop_science_radar.pdf  used on input
 line 82.
(pdftex.def)             Requested size: 93.94957pt x 82.92438pt.
[41

]) (./section/scicode.tex
File: images//scicode_radar.pdf Graphic file (type pdf)
<use images//scicode_radar.pdf>
Package pdftex.def Info: images//scicode_radar.pdf  used on input line 73.
(pdftex.def)             Requested size: 93.94957pt x 82.92438pt.
[42

]) (./section/calochallenge_.tex
File: images//calochallenge__radar.pdf Graphic file (type pdf)
<use images//calochallenge__radar.pdf>
Package pdftex.def Info: images//calochallenge__radar.pdf  used on input line 8
8.
(pdftex.def)             Requested size: 93.94957pt x 82.92438pt.
[43

]) (./section/pdebench.tex
File: images//pdebench_radar.pdf Graphic file (type pdf)
<use images//pdebench_radar.pdf>
Package pdftex.def Info: images//pdebench_radar.pdf  used on input line 84.
(pdftex.def)             Requested size: 93.94957pt x 82.92438pt.
[44

]) (./section/urban_data_layer_udl_-_pm_concentration_prediction.tex
File: images//urban_data_layer_udl_-_pm_concentration_prediction_radar.pdf Grap
hic file (type pdf)
<use images//urban_data_layer_udl_-_pm_concentration_prediction_radar.pdf>
Package pdftex.def Info: images//urban_data_layer_udl_-_pm_concentration_predic
tion_radar.pdf  used on input line 76.
(pdftex.def)             Requested size: 93.94957pt x 87.62866pt.
[45

]) (./section/urban_data_layer_udl_-_built-up_area_classification.tex
File: images//urban_data_layer_udl_-_built-up_area_classification_radar.pdf Gra
phic file (type pdf)
<use images//urban_data_layer_udl_-_built-up_area_classification_radar.pdf>
Package pdftex.def Info: images//urban_data_layer_udl_-_built-up_area_classific
ation_radar.pdf  used on input line 76.
(pdftex.def)             Requested size: 93.94957pt x 87.62866pt.
[46

]) (./section/urban_data_layer_udl_-_administrative_boundaries_identification.t
ex
File: images//urban_data_layer_udl_-_administrative_boundaries_identification_r
adar.pdf Graphic file (type pdf)
<use images//urban_data_layer_udl_-_administrative_boundaries_identification_ra
dar.pdf>
Package pdftex.def Info: images//urban_data_layer_udl_-_administrative_boundari
es_identification_radar.pdf  used on input line 76.
(pdftex.def)             Requested size: 93.94957pt x 92.33295pt.
[47

]) (./section/urban_data_layer_udl_-_el_nino_anomaly_detection.tex
File: images//urban_data_layer_udl_-_el_nino_anomaly_detection_radar.pdf Graphi
c file (type pdf)
<use images//urban_data_layer_udl_-_el_nino_anomaly_detection_radar.pdf>
Package pdftex.def Info: images//urban_data_layer_udl_-_el_nino_anomaly_detecti
on_radar.pdf  used on input line 76.
(pdftex.def)             Requested size: 93.94957pt x 87.62866pt.
[48

]) (./section/spiqa_llm.tex
File: images//spiqa_llm_radar.pdf Graphic file (type pdf)
<use images//spiqa_llm_radar.pdf>
Package pdftex.def Info: images//spiqa_llm_radar.pdf  used on input line 74.
(pdftex.def)             Requested size: 93.94957pt x 82.92438pt.
[49

]) (./section/mlcommons_medical_ai_-_pancreas_segmentation_dfci.tex
File: images//mlcommons_medical_ai_-_pancreas_segmentation_dfci_radar.pdf Graph
ic file (type pdf)
<use images//mlcommons_medical_ai_-_pancreas_segmentation_dfci_radar.pdf>
Package pdftex.def Info: images//mlcommons_medical_ai_-_pancreas_segmentation_d
fci_radar.pdf  used on input line 87.
(pdftex.def)             Requested size: 93.94957pt x 87.62866pt.
[50

]) (./section/mlcommons_medical_ai_-_brain_tumor_segmentation_brats.tex
File: images//mlcommons_medical_ai_-_brain_tumor_segmentation_brats_radar.pdf G
raphic file (type pdf)
<use images//mlcommons_medical_ai_-_brain_tumor_segmentation_brats_radar.pdf>
Package pdftex.def Info: images//mlcommons_medical_ai_-_brain_tumor_segmentatio
n_brats_radar.pdf  used on input line 87.
(pdftex.def)             Requested size: 93.94957pt x 87.62866pt.
[51

])
(./section/mlcommons_medical_ai_-__surgical_workflow_phase_recognition_surgmlcu
be.tex
File: images//mlcommons_medical_ai_-__surgical_workflow_phase_recognition_surgm
lcube_radar.pdf Graphic file (type pdf)
<use images//mlcommons_medical_ai_-__surgical_workflow_phase_recognition_surgml
cube_radar.pdf>
Package pdftex.def Info: images//mlcommons_medical_ai_-__surgical_workflow_phas
e_recognition_surgmlcube_radar.pdf  used on input line 87.
(pdftex.def)             Requested size: 93.94957pt x 92.33295pt.
[52

]) (./section/seafloorai.tex
File: images//seafloorai_radar.pdf Graphic file (type pdf)
<use images//seafloorai_radar.pdf>
Package pdftex.def Info: images//seafloorai_radar.pdf  used on input line 84.
(pdftex.def)             Requested size: 93.94957pt x 82.92438pt.
[53

]) (./section/seafloorgenai.tex
File: images//seafloorgenai_radar.pdf Graphic file (type pdf)
<use images//seafloorgenai_radar.pdf>
Package pdftex.def Info: images//seafloorgenai_radar.pdf  used on input line 84
.
(pdftex.def)             Requested size: 93.94957pt x 82.92438pt.
[54

]) (./section/gess_-_track_pileup.tex
File: images//gess_-_track_pileup_radar.pdf Graphic file (type pdf)
<use images//gess_-_track_pileup_radar.pdf>
Package pdftex.def Info: images//gess_-_track_pileup_radar.pdf  used on input l
ine 80.
(pdftex.def)             Requested size: 93.94957pt x 82.92438pt.
[55

]) (./section/gess_-_track_signal.tex
File: images//gess_-_track_signal_radar.pdf Graphic file (type pdf)
<use images//gess_-_track_signal_radar.pdf>
Package pdftex.def Info: images//gess_-_track_signal_radar.pdf  used on input l
ine 80.
(pdftex.def)             Requested size: 93.94957pt x 82.92438pt.
[56

]) (./section/gess_-_drugood.tex
File: images//gess_-_drugood_radar.pdf Graphic file (type pdf)
<use images//gess_-_drugood_radar.pdf>
Package pdftex.def Info: images//gess_-_drugood_radar.pdf  used on input line 8
0.
(pdftex.def)             Requested size: 93.94957pt x 82.92438pt.
[57

]) (./section/gess_-_qmof.tex
File: images//gess_-_qmof_radar.pdf Graphic file (type pdf)
<use images//gess_-_qmof_radar.pdf>
Package pdftex.def Info: images//gess_-_qmof_radar.pdf  used on input line 81.
(pdftex.def)             Requested size: 93.94957pt x 82.92438pt.
[58

]) (./section/ocp_open_catalyst_project.tex
File: images//ocp_open_catalyst_project_radar.pdf Graphic file (type pdf)
<use images//ocp_open_catalyst_project_radar.pdf>
Package pdftex.def Info: images//ocp_open_catalyst_project_radar.pdf  used on i
nput line 79.
(pdftex.def)             Requested size: 93.94957pt x 82.92438pt.
[59

]) (./section/jet_classification.tex
File: images//jet_classification_radar.pdf Graphic file (type pdf)
<use images//jet_classification_radar.pdf>
Package pdftex.def Info: images//jet_classification_radar.pdf  used on input li
ne 78.
(pdftex.def)             Requested size: 93.94957pt x 82.92438pt.
[60

]) (./section/irregular_sensor_data_compression.tex
File: images//irregular_sensor_data_compression_radar.pdf Graphic file (type pd
f)
<use images//irregular_sensor_data_compression_radar.pdf>
Package pdftex.def Info: images//irregular_sensor_data_compression_radar.pdf  u
sed on input line 77.
(pdftex.def)             Requested size: 93.94957pt x 87.62866pt.
[61

]) (./section/mlperf_hpc_-_cosmoflow.tex
File: images//mlperf_hpc_-_cosmoflow_radar.pdf Graphic file (type pdf)
<use images//mlperf_hpc_-_cosmoflow_radar.pdf>
Package pdftex.def Info: images//mlperf_hpc_-_cosmoflow_radar.pdf  used on inpu
t line 77.
(pdftex.def)             Requested size: 93.94957pt x 82.92438pt.
[62

]) (./section/mlperf_hpc_-_deepcam.tex
File: images//mlperf_hpc_-_deepcam_radar.pdf Graphic file (type pdf)
<use images//mlperf_hpc_-_deepcam_radar.pdf>
Package pdftex.def Info: images//mlperf_hpc_-_deepcam_radar.pdf  used on input 
line 75.
(pdftex.def)             Requested size: 93.94957pt x 82.92438pt.
[63

]) (./section/mlperf_hpc_-_open_catalyst_project_dimenet_.tex
File: images//mlperf_hpc_-_open_catalyst_project_dimenet__radar.pdf Graphic fil
e (type pdf)
<use images//mlperf_hpc_-_open_catalyst_project_dimenet__radar.pdf>
Package pdftex.def Info: images//mlperf_hpc_-_open_catalyst_project_dimenet__ra
dar.pdf  used on input line 75.
(pdftex.def)             Requested size: 93.94957pt x 87.62866pt.
[64

]) (./section/mlperf_hpc_-_openfold.tex
File: images//mlperf_hpc_-_openfold_radar.pdf Graphic file (type pdf)
<use images//mlperf_hpc_-_openfold_radar.pdf>
Package pdftex.def Info: images//mlperf_hpc_-_openfold_radar.pdf  used on input
 line 75.
(pdftex.def)             Requested size: 93.94957pt x 82.92438pt.
[65

]) (./section/hdr_ml_anomaly_challenge_-_gravitational_waves.tex
File: images//hdr_ml_anomaly_challenge_-_gravitational_waves_radar.pdf Graphic 
file (type pdf)
<use images//hdr_ml_anomaly_challenge_-_gravitational_waves_radar.pdf>
Package pdftex.def Info: images//hdr_ml_anomaly_challenge_-_gravitational_waves
_radar.pdf  used on input line 75.
(pdftex.def)             Requested size: 93.94957pt x 87.62866pt.
[66

]) (./section/supercond_-_property_prediction.tex
File: images//supercond_-_property_prediction_radar.pdf Graphic file (type pdf)

<use images//supercond_-_property_prediction_radar.pdf>
Package pdftex.def Info: images//supercond_-_property_prediction_radar.pdf  use
d on input line 80.
(pdftex.def)             Requested size: 93.94957pt x 87.62866pt.
[67

]) (./section/supercond_-__inverse_crystal_structure_generation.tex
File: images//supercond_-__inverse_crystal_structure_generation_radar.pdf Graph
ic file (type pdf)
<use images//supercond_-__inverse_crystal_structure_generation_radar.pdf>
Package pdftex.def Info: images//supercond_-__inverse_crystal_structure_generat
ion_radar.pdf  used on input line 80.
(pdftex.def)             Requested size: 93.94957pt x 87.62866pt.
[68

])
(./section/baisbench_biological_ai_scientist_benchmark_-_question_answering.tex
File: images//baisbench_biological_ai_scientist_benchmark_-_question_answering_
radar.pdf Graphic file (type pdf)
<use images//baisbench_biological_ai_scientist_benchmark_-_question_answering_r
adar.pdf>
Package pdftex.def Info: images//baisbench_biological_ai_scientist_benchmark_-_
question_answering_radar.pdf  used on input line 75.
(pdftex.def)             Requested size: 93.94957pt x 92.33295pt.
[69

])
(./section/baisbench_biological_ai_scientist_benchmark_-_cell_type_annotation.t
ex
File: images//baisbench_biological_ai_scientist_benchmark_-_cell_type_annotatio
n_radar.pdf Graphic file (type pdf)
<use images//baisbench_biological_ai_scientist_benchmark_-_cell_type_annotation
_radar.pdf>
Package pdftex.def Info: images//baisbench_biological_ai_scientist_benchmark_-_
cell_type_annotation_radar.pdf  used on input line 75.
(pdftex.def)             Requested size: 93.94957pt x 92.33295pt.
[70

]) (./section/the_well.tex
File: images//the_well_radar.pdf Graphic file (type pdf)
<use images//the_well_radar.pdf>
Package pdftex.def Info: images//the_well_radar.pdf  used on input line 83.
(pdftex.def)             Requested size: 93.94957pt x 82.92438pt.
[71

]) (./section/mmlu_massive_multitask_language_understanding.tex
File: images//mmlu_massive_multitask_language_understanding_radar.pdf Graphic f
ile (type pdf)
<use images//mmlu_massive_multitask_language_understanding_radar.pdf>
Package pdftex.def Info: images//mmlu_massive_multitask_language_understanding_
radar.pdf  used on input line 79.
(pdftex.def)             Requested size: 93.94957pt x 87.62866pt.
[72

]) (./section/satimgnet.tex
File: images//satimgnet_radar.pdf Graphic file (type pdf)
<use images//satimgnet_radar.pdf>
Package pdftex.def Info: images//satimgnet_radar.pdf  used on input line 75.
(pdftex.def)             Requested size: 93.94957pt x 82.92438pt.
[73

]) (./section/gpqa_diamond.tex
File: images//gpqa_diamond_radar.pdf Graphic file (type pdf)
<use images//gpqa_diamond_radar.pdf>
Package pdftex.def Info: images//gpqa_diamond_radar.pdf  used on input line 80.

(pdftex.def)             Requested size: 93.94957pt x 82.92438pt.
[74

]) (./section/prmk.tex
File: images//prmk_radar.pdf Graphic file (type pdf)
<use images//prmk_radar.pdf>
Package pdftex.def Info: images//prmk_radar.pdf  used on input line 72.
(pdftex.def)             Requested size: 93.94957pt x 82.92438pt.
[75

])
(./section/feabench_finite_element_analysis_benchmark_evaluating_language_model
s_on_multiphysics_reasoning_ability.tex
Overfull \hbox (85.06497pt too wide) in paragraph at lines 49--50
[]\T1/cmr/m/n/8 feabench_finite_element_analysis_benchmark_evaluating_language_
models_on_multiphysics_reasoning_ability 
 []

File: images//feabench_finite_element_analysis_benchmark_evaluating_language_mo
dels_on_multiphysics_reasoning_ability_radar.pdf Graphic file (type pdf)
<use images//feabench_finite_element_analysis_benchmark_evaluating_language_mod
els_on_multiphysics_reasoning_ability_radar.pdf>
Package pdftex.def Info: images//feabench_finite_element_analysis_benchmark_eva
luating_language_models_on_multiphysics_reasoning_ability_radar.pdf  used on in
put line 74.
(pdftex.def)             Requested size: 93.94957pt x 97.03723pt.
[76

]) (./section/neural_architecture_codesign_for_fast_physics_applications.tex
File: images//neural_architecture_codesign_for_fast_physics_applications_radar.
pdf Graphic file (type pdf)
<use images//neural_architecture_codesign_for_fast_physics_applications_radar.p
df>
Package pdftex.def Info: images//neural_architecture_codesign_for_fast_physics_
applications_radar.pdf  used on input line 78.
(pdftex.def)             Requested size: 93.94957pt x 87.62866pt.
[77

]) (./section/delta_squared-dft.tex
File: images//delta_squared-dft_radar.pdf Graphic file (type pdf)
<use images//delta_squared-dft_radar.pdf>
Package pdftex.def Info: images//delta_squared-dft_radar.pdf  used on input lin
e 74.
(pdftex.def)             Requested size: 93.94957pt x 82.92438pt.
[78

]) (./section/hdr_ml_anomaly_challenge_-_sea_level_rise.tex
File: images//hdr_ml_anomaly_challenge_-_sea_level_rise_radar.pdf Graphic file 
(type pdf)
<use images//hdr_ml_anomaly_challenge_-_sea_level_rise_radar.pdf>
Package pdftex.def Info: images//hdr_ml_anomaly_challenge_-_sea_level_rise_rada
r.pdf  used on input line 76.
(pdftex.def)             Requested size: 93.94957pt x 87.62866pt.
[79

]) (./section/vocal_call_locator_vcl.tex
File: images//vocal_call_locator_vcl_radar.pdf Graphic file (type pdf)
<use images//vocal_call_locator_vcl_radar.pdf>
Package pdftex.def Info: images//vocal_call_locator_vcl_radar.pdf  used on inpu
t line 77.
(pdftex.def)             Requested size: 93.94957pt x 82.92438pt.
[80

]) (./section/massspecgym_-_de_novo_molecule_generation.tex
File: images//massspecgym_-_de_novo_molecule_generation_radar.pdf Graphic file 
(type pdf)
<use images//massspecgym_-_de_novo_molecule_generation_radar.pdf>
Package pdftex.def Info: images//massspecgym_-_de_novo_molecule_generation_rada
r.pdf  used on input line 84.
(pdftex.def)             Requested size: 93.94957pt x 87.62866pt.
[81

]) (./section/massspecgym_-_molecule_retrieval.tex
File: images//massspecgym_-_molecule_retrieval_radar.pdf Graphic file (type pdf
)
<use images//massspecgym_-_molecule_retrieval_radar.pdf>
Package pdftex.def Info: images//massspecgym_-_molecule_retrieval_radar.pdf  us
ed on input line 84.
(pdftex.def)             Requested size: 93.94957pt x 87.62866pt.
[82

]) (./section/massspecgym_-_spectrum_simulation.tex
File: images//massspecgym_-_spectrum_simulation_radar.pdf Graphic file (type pd
f)
<use images//massspecgym_-_spectrum_simulation_radar.pdf>
Package pdftex.def Info: images//massspecgym_-_spectrum_simulation_radar.pdf  u
sed on input line 84.
(pdftex.def)             Requested size: 93.94957pt x 87.62866pt.
[83

]) (./section/spiqa_scientific_paper_image_question_answering.tex
File: images//spiqa_scientific_paper_image_question_answering_radar.pdf Graphic
 file (type pdf)
<use images//spiqa_scientific_paper_image_question_answering_radar.pdf>
Package pdftex.def Info: images//spiqa_scientific_paper_image_question_answerin
g_radar.pdf  used on input line 78.
(pdftex.def)             Requested size: 93.94957pt x 87.62866pt.
[84

])
(./section/gpqa_a_graduate-level_google-proof_question_and_answer_benchmark.tex
File: images//gpqa_a_graduate-level_google-proof_question_and_answer_benchmark_
radar.pdf Graphic file (type pdf)
<use images//gpqa_a_graduate-level_google-proof_question_and_answer_benchmark_r
adar.pdf>
Package pdftex.def Info: images//gpqa_a_graduate-level_google-proof_question_an
d_answer_benchmark_radar.pdf  used on input line 77.
(pdftex.def)             Requested size: 93.94957pt x 92.33295pt.
[85

]) (./section/medqa.tex
File: images//medqa_radar.pdf Graphic file (type pdf)
<use images//medqa_radar.pdf>
Package pdftex.def Info: images//medqa_radar.pdf  used on input line 75.
(pdftex.def)             Requested size: 93.94957pt x 82.92438pt.
[86

]) (./section/single_qubit_readout_on_qick_system.tex
File: images//single_qubit_readout_on_qick_system_radar.pdf Graphic file (type 
pdf)
<use images//single_qubit_readout_on_qick_system_radar.pdf>
Package pdftex.def Info: images//single_qubit_readout_on_qick_system_radar.pdf 
 used on input line 79.
(pdftex.def)             Requested size: 93.94957pt x 87.62866pt.
[87

]) (./section/cfdbench_fluid_dynamics.tex
File: images//cfdbench_fluid_dynamics_radar.pdf Graphic file (type pdf)
<use images//cfdbench_fluid_dynamics_radar.pdf>
Package pdftex.def Info: images//cfdbench_fluid_dynamics_radar.pdf  used on inp
ut line 76.
(pdftex.def)             Requested size: 93.94957pt x 82.92438pt.
[88

])
(./section/curie_scientific_long-context_understanding_reasoning_and_informatio
n_extraction.tex
File: images//curie_scientific_long-context_understanding_reasoning_and_informa
tion_extraction_radar.pdf Graphic file (type pdf)
<use images//curie_scientific_long-context_understanding_reasoning_and_informat
ion_extraction_radar.pdf>
Package pdftex.def Info: images//curie_scientific_long-context_understanding_re
asoning_and_information_extraction_radar.pdf  used on input line 83.
(pdftex.def)             Requested size: 93.94957pt x 92.33295pt.
[89

]) (./section/smart_pixels_for_lhc.tex
File: images//smart_pixels_for_lhc_radar.pdf Graphic file (type pdf)
<use images//smart_pixels_for_lhc_radar.pdf>
Package pdftex.def Info: images//smart_pixels_for_lhc_radar.pdf  used on input 
line 75.
(pdftex.def)             Requested size: 93.94957pt x 82.92438pt.
[90

]) (./section/lhc_new_physics_dataset.tex
File: images//lhc_new_physics_dataset_radar.pdf Graphic file (type pdf)
<use images//lhc_new_physics_dataset_radar.pdf>
Package pdftex.def Info: images//lhc_new_physics_dataset_radar.pdf  used on inp
ut line 81.
(pdftex.def)             Requested size: 93.94957pt x 82.92438pt.
[91

]) (./section/quantum_computing_benchmarks_qml.tex
File: images//quantum_computing_benchmarks_qml_radar.pdf Graphic file (type pdf
)
<use images//quantum_computing_benchmarks_qml_radar.pdf>
Package pdftex.def Info: images//quantum_computing_benchmarks_qml_radar.pdf  us
ed on input line 76.
(pdftex.def)             Requested size: 93.94957pt x 87.62866pt.
[92

]) (./section/ultrafast_jet_classification_at_the_hl-lhc.tex
Overfull \hbox (18.34932pt too wide) in paragraph at lines 50--51
[][]\T1/cmr/m/n/8 https://docs.google.com/document/d/1gDf1CIYtfmfZ9urv1jCRZMYz_
3WwEETkugUC65OZBdw[] 
 []

File: images//ultrafast_jet_classification_at_the_hl-lhc_radar.pdf Graphic file
 (type pdf)
<use images//ultrafast_jet_classification_at_the_hl-lhc_radar.pdf>
Package pdftex.def Info: images//ultrafast_jet_classification_at_the_hl-lhc_rad
ar.pdf  used on input line 78.
(pdftex.def)             Requested size: 93.94957pt x 87.62866pt.
[93

]) (./section/hedm_braggnn.tex
File: images//hedm_braggnn_radar.pdf Graphic file (type pdf)
<use images//hedm_braggnn_radar.pdf>
Package pdftex.def Info: images//hedm_braggnn_radar.pdf  used on input line 73.

(pdftex.def)             Requested size: 93.94957pt x 82.92438pt.
[94

]) (./section/d-stem.tex
File: images//d-stem_radar.pdf Graphic file (type pdf)
<use images//d-stem_radar.pdf>
Package pdftex.def Info: images//d-stem_radar.pdf  used on input line 73.
(pdftex.def)             Requested size: 93.94957pt x 82.92438pt.
[95

]) (./section/beam_control.tex
File: images//beam_control_radar.pdf Graphic file (type pdf)
<use images//beam_control_radar.pdf>
Package pdftex.def Info: images//beam_control_radar.pdf  used on input line 74.

(pdftex.def)             Requested size: 93.94957pt x 82.92438pt.
[96

]) (./section/intelligent_experiments_through_real-time_ai.tex
File: images//intelligent_experiments_through_real-time_ai_radar.pdf Graphic fi
le (type pdf)
<use images//intelligent_experiments_through_real-time_ai_radar.pdf>
Package pdftex.def Info: images//intelligent_experiments_through_real-time_ai_r
adar.pdf  used on input line 77.
(pdftex.def)             Requested size: 93.94957pt x 87.62866pt.
[97

]) (./section/hdr_ml_anomaly_challenge_-_butterfly.tex
File: images//hdr_ml_anomaly_challenge_-_butterfly_radar.pdf Graphic file (type
 pdf)
<use images//hdr_ml_anomaly_challenge_-_butterfly_radar.pdf>
Package pdftex.def Info: images//hdr_ml_anomaly_challenge_-_butterfly_radar.pdf
  used on input line 77.
(pdftex.def)             Requested size: 93.94957pt x 87.62866pt.
[98

]) (./section/dune.tex
Overfull \hbox (134.346pt too wide) in paragraph at lines 13--14
[][]\T1/cmr/m/n/8 https://indico.fnal.gov/event/66520/contributions/301423/atta
chments/182439/250508/fast_ml_dunedaq_sonic_10_15_24.pdf[] 
 []

File: images//dune_radar.pdf Graphic file (type pdf)
<use images//dune_radar.pdf>
Package pdftex.def Info: images//dune_radar.pdf  used on input line 74.
(pdftex.def)             Requested size: 93.94957pt x 82.92438pt.
[99

]) (./section/frontiermath.tex
File: images//frontiermath_radar.pdf Graphic file (type pdf)
<use images//frontiermath_radar.pdf>
Package pdftex.def Info: images//frontiermath_radar.pdf  used on input line 74.

(pdftex.def)             Requested size: 93.94957pt x 82.92438pt.
[100

]) (./section/aime_american_invitational_mathematics_examination.tex
File: images//aime_american_invitational_mathematics_examination_radar.pdf Grap
hic file (type pdf)
<use images//aime_american_invitational_mathematics_examination_radar.pdf>
Package pdftex.def Info: images//aime_american_invitational_mathematics_examina
tion_radar.pdf  used on input line 74.
(pdftex.def)             Requested size: 93.94957pt x 87.62866pt.
[101

]) (./section/quench_detection.tex
Overfull \hbox (127.97949pt too wide) in paragraph at lines 13--14
[][]\T1/cmr/m/n/8 https://indico.cern.ch/event/1387540/contributions/6153618/at
tachments/2948441/5182077/fast_ml_magnets_2024_final.pdf[] 
 []

File: images//quench_detection_radar.pdf Graphic file (type pdf)
<use images//quench_detection_radar.pdf>
Package pdftex.def Info: images//quench_detection_radar.pdf  used on input line
 74.
(pdftex.def)             Requested size: 93.94957pt x 82.92438pt.
[102

]) (./section/materials_project.tex
File: images//materials_project_radar.pdf Graphic file (type pdf)
<use images//materials_project_radar.pdf>
Package pdftex.def Info: images//materials_project_radar.pdf  used on input lin
e 75.
(pdftex.def)             Requested size: 93.94957pt x 82.92438pt.
[103

]) (./section/in-situ_high-speed_computer_vision.tex
Overfull \hbox (88.64604pt too wide) in paragraph at lines 43--44
[][]\T1/cmr/m/n/8 https://docs.google.com/document/d/1EqkRHuQs1yQqMvZs_L6p9JAy2
vKX5OCTubzttFBuRoQ/edit?usp=sharing[] 
 []

File: images//in-situ_high-speed_computer_vision_radar.pdf Graphic file (type p
df)
<use images//in-situ_high-speed_computer_vision_radar.pdf>
Package pdftex.def Info: images//in-situ_high-speed_computer_vision_radar.pdf  
used on input line 71.
(pdftex.def)             Requested size: 93.94957pt x 87.62866pt.
[104

]) [105


] [106] [107] [108] (./benchmarks.aux)
Package rerunfilecheck Info: File `benchmarks.out' has not changed.
(rerunfilecheck)             Checksum: 107611BB7FEBB1AAA0B9FF0D1B025B5D;17445.
Package logreq Info: Writing requests to 'benchmarks.run.xml'.
\openout1 = `benchmarks.run.xml'.

 ) 
Here is how much of TeX's memory you used:
 22596 strings out of 478287
 450921 string characters out of 5849289
 1789851 words of memory out of 5000000
 39959 multiletter control sequences out of 15000+600000
 487751 words of font info for 76 fonts, out of 8000000 for 9000
 1141 hyphenation exceptions out of 8191
 70i,10n,76p,1062b,2107s stack positions out of 5000i,500n,10000p,200000b,80000s
{/usr/share/texmf/fonts/enc/dvips/cm-super/cm-super-t1.enc}</usr/share/texliv
e/texmf-dist/fonts/type1/public/amsfonts/cm/cmmi8.pfb></usr/share/texlive/texmf
-dist/fonts/type1/public/amsfonts/cm/cmr6.pfb></usr/share/texmf/fonts/type1/pub
lic/cm-super/sfbx0800.pfb></usr/share/texmf/fonts/type1/public/cm-super/sfbx090
0.pfb></usr/share/texmf/fonts/type1/public/cm-super/sfbx1000.pfb></usr/share/te
xmf/fonts/type1/public/cm-super/sfbx1200.pfb></usr/share/texmf/fonts/type1/publ
ic/cm-super/sfbx1440.pfb></usr/share/texmf/fonts/type1/public/cm-super/sfcc1000
.pfb></usr/share/texmf/fonts/type1/public/cm-super/sfrm0800.pfb></usr/share/tex
mf/fonts/type1/public/cm-super/sfrm0900.pfb></usr/share/texmf/fonts/type1/publi
c/cm-super/sfrm1000.pfb></usr/share/texmf/fonts/type1/public/cm-super/sfrm1200.
pfb></usr/share/texmf/fonts/type1/public/cm-super/sfrm1728.pfb></usr/share/texm
f/fonts/type1/public/cm-super/sfti1000.pfb></usr/share/texmf/fonts/type1/public
/cm-super/sftt1000.pfb>
Output written on benchmarks.pdf (108 pages, 2046417 bytes).
PDF statistics:
 6119 PDF objects out of 6186 (max. 8388607)
 2040 compressed objects within 21 object streams
 243 named destinations out of 1000 (max. 500000)
 1357 words of extra memory for PDF output out of 10000 (max. 10000000)

